{
 "generated_at": 1784574321,
 "assets": {
  "BTC": {
   "close": 65192.32,
   "funding_rate": 2e-06,
   "open_interest": 1895.8111,
   "basis": -1.780962766971641e-05
  },
  "ETH": {
   "close": 1897.92,
   "funding_rate": 4e-06,
   "open_interest": 44946.0322,
   "basis": 7.126981696854673e-05
  },
  "SOL": {
   "close": 77.6,
   "funding_rate": 6e-06,
   "open_interest": 233251.054,
   "basis": 9.669932955122716e-05
  },
  "XRP": {
   "close": 1.1135,
   "funding_rate": 8e-06,
   "open_interest": 4834723.0,
   "basis": 4.488733279478007e-05
  },
  "DOGE": {
   "close": 0.07238,
   "funding_rate": 2.1e-05,
   "open_interest": 30284411.0,
   "basis": 0.0004148803761582388
  },
  "ADA": {
   "close": 0.1683,
   "funding_rate": 2e-06,
   "open_interest": 3080004.0,
   "basis": -0.0002970885323826173
  },
  "AVAX": {
   "close": 6.56,
   "funding_rate": 0.0,
   "open_interest": 58316.759,
   "basis": -0.0005335365853658288
  },
  "LINK": {
   "close": 8.552,
   "funding_rate": 2.1e-05,
   "open_interest": 95193.49,
   "basis": 0.00040993206839997053
  },
  "DOT": {
   "close": 0.823,
   "funding_rate": 2.3e-05,
   "open_interest": 472547.9,
   "basis": 0.0006090133982948306
  },
  "LTC": {
   "close": 47,
   "funding_rate": 8e-06,
   "open_interest": 14966.4,
   "basis": 0.00010656436487628841
  },
  "BCH": {
   "close": 217.18,
   "funding_rate": 1e-05,
   "open_interest": 4499.292,
   "basis": -9.22934933086378e-05
  },
  "NEAR": {
   "close": 1.968,
   "funding_rate": 4e-06,
   "open_interest": 484885.6,
   "basis": -7.63358778626435e-05
  },
  "ATOM": {
   "close": 1.487,
   "funding_rate": 0.0,
   "open_interest": 26661.5,
   "basis": -0.0010046885465506074
  },
  "UNI": {
   "close": 3.623,
   "funding_rate": 9e-06,
   "open_interest": 154591.24,
   "basis": 0.0004170141784820842
  },
  "APT": {
   "close": 0.5984,
   "funding_rate": 1.6e-05,
   "open_interest": 62033.3,
   "basis": -0.0005015045135405667
  },
  "ARB": {
   "close": 0.0901,
   "funding_rate": 7e-06,
   "open_interest": 782381.4,
   "basis": 0.0005022321428571804
  },
  "OP": {
   "close": 0.094,
   "funding_rate": 2.8e-05,
   "open_interest": 463426.5,
   "basis": -0.0005376344086020913
  },
  "SUI": {
   "close": 0.7674,
   "funding_rate": 1.1e-05,
   "open_interest": 923636.3,
   "basis": -0.0003259452411994426
  },
  "INJ": {
   "close": 5.396,
   "funding_rate": -1.6e-05,
   "open_interest": 27059.7,
   "basis": -0.0007410151908113301
  },
  "AAVE": {
   "close": 89.2,
   "funding_rate": 1.5e-05,
   "open_interest": 7439.09,
   "basis": 0.00016808606006275852
  },
  "ENA": {
   "close": 0.0831,
   "funding_rate": 3e-06,
   "open_interest": 4142722.0,
   "basis": 6.082725060833334e-05
  },
  "HBAR": {
   "close": 0.06656,
   "funding_rate": 1.6e-05,
   "open_interest": 6029548.0,
   "basis": 0.0006015037593984717
  },
  "ONDO": {
   "close": 0.35587,
   "funding_rate": 3e-06,
   "open_interest": 365503.0,
   "basis": 0.00022505415365563615
  },
  "PAXG": {
   "close": 3999.4
  },
  "PEPE": {
   "close": 2.87e-06,
   "funding_rate": 1e-05,
   "open_interest": 115624083.0,
   "basis": 0.0010452961672473744
  },
  "SHIB": {
   "close": 4.24e-06,
   "funding_rate": -3e-06,
   "open_interest": 19496759.0,
   "basis": -0.00129716981132062
  },
  "XLM": {
   "close": 0.188374,
   "funding_rate": 8e-06,
   "open_interest": 1401007.0,
   "basis": -6.377991676727241e-05
  },
  "ZEC": {
   "close": 547.21,
   "funding_rate": -5e-06,
   "open_interest": 1991.84,
   "basis": -0.000246036085292493
  }
 }
}