{
 "generated_at": 1784408527,
 "assets": {
  "BTC": {
   "close": 64512.19,
   "funding_rate": 0.0,
   "open_interest": 1961.4947,
   "basis": 0.00010224294098340357
  },
  "ETH": {
   "close": 1857.24,
   "funding_rate": 1e-06,
   "open_interest": 42714.1075,
   "basis": -5.118010548490579e-05
  },
  "SOL": {
   "close": 75.39,
   "funding_rate": 0.0,
   "open_interest": 224784.64,
   "basis": -0.0002849191624700368
  },
  "XRP": {
   "close": 1.0927,
   "funding_rate": 2e-06,
   "open_interest": 4983917.0,
   "basis": 0.0
  },
  "DOGE": {
   "close": 0.07236,
   "funding_rate": 4e-06,
   "open_interest": 28899516.0,
   "basis": 0.00020723956894171211
  },
  "ADA": {
   "close": 0.1658,
   "funding_rate": -7e-06,
   "open_interest": 2586503.0,
   "basis": -0.00030084235860405834
  },
  "AVAX": {
   "close": 6.57,
   "funding_rate": -4e-06,
   "open_interest": 66890.92,
   "basis": -0.0004559270516717498
  },
  "LINK": {
   "close": 8.33,
   "funding_rate": 5e-06,
   "open_interest": 95607.87,
   "basis": -0.00011966016513096157
  },
  "DOT": {
   "close": 0.836,
   "funding_rate": 9e-06,
   "open_interest": 323719.9,
   "basis": 0.0005988023952096478
  },
  "LTC": {
   "close": 46.83,
   "funding_rate": 6e-06,
   "open_interest": 15168.69,
   "basis": -0.00031894535402935504
  },
  "BCH": {
   "close": 220.11,
   "funding_rate": 1.8e-05,
   "open_interest": 4799.174,
   "basis": 0.00036361983546208133
  },
  "NEAR": {
   "close": 1.935,
   "funding_rate": 7e-06,
   "open_interest": 516125.5,
   "basis": -0.00020693222969475215
  },
  "ATOM": {
   "close": 1.5,
   "funding_rate": -9e-06,
   "open_interest": 23827.9,
   "basis": -0.0016677785190127876
  },
  "UNI": {
   "close": 3.527,
   "funding_rate": 1.2e-05,
   "open_interest": 167041.27,
   "basis": 0.0005665722379604033
  },
  "APT": {
   "close": 0.6064,
   "funding_rate": 2e-05,
   "open_interest": 72106.5,
   "basis": -0.00024744308808971214
  },
  "ARB": {
   "close": 0.0883,
   "funding_rate": -1.6e-05,
   "open_interest": 930263.6,
   "basis": -0.0007369614512471158
  },
  "OP": {
   "close": 0.096,
   "funding_rate": -5.8e-05,
   "open_interest": 377901.3,
   "basis": -0.010937499999999952
  },
  "SUI": {
   "close": 0.7416,
   "funding_rate": -1e-06,
   "open_interest": 897827.9,
   "basis": -0.00026827632461447215
  },
  "INJ": {
   "close": 5.144,
   "funding_rate": 3e-06,
   "open_interest": 34816.6,
   "basis": 9.738994935717236e-05
  },
  "AAVE": {
   "close": 89.5,
   "funding_rate": 1.3e-05,
   "open_interest": 8007.78,
   "basis": 0.0002783344466711833
  },
  "ENA": {
   "close": 0.0804,
   "funding_rate": -2e-05,
   "open_interest": 4137369.0,
   "basis": -0.00024844720496902017
  },
  "HBAR": {
   "close": 0.06691,
   "funding_rate": 1.3e-05,
   "open_interest": 5865140.0,
   "basis": -0.00022404779686334764
  },
  "ONDO": {
   "close": 0.34831,
   "funding_rate": -3e-06,
   "open_interest": 397398.0,
   "basis": -0.0005180899749590234
  },
  "PAXG": {
   "close": 4004.98
  },
  "PEPE": {
   "close": 2.75e-06,
   "funding_rate": 4e-06,
   "open_interest": 106481272.0,
   "basis": 0.0007246376811595165
  },
  "SHIB": {
   "close": 4.13e-06,
   "funding_rate": -1.3e-05,
   "open_interest": 18008111.0,
   "basis": -0.0026570048309178082
  },
  "XLM": {
   "close": 0.187876,
   "funding_rate": 2e-06,
   "open_interest": 1452013.0,
   "basis": 0.00025020229121427566
  },
  "ZEC": {
   "close": 556.5,
   "funding_rate": 3e-06,
   "open_interest": 2105.74,
   "basis": 0.0002596704871059846
  }
 }
}