{
 "generated_at": 1784498872,
 "assets": {
  "BTC": {
   "close": 64372.61,
   "funding_rate": 4e-06,
   "open_interest": 1901.8894,
   "basis": 0.00022467660233081656
  },
  "ETH": {
   "close": 1860.71,
   "funding_rate": 2e-06,
   "open_interest": 42835.5577,
   "basis": 6.723430347950967e-05
  },
  "SOL": {
   "close": 75.71,
   "funding_rate": 5e-06,
   "open_interest": 227910.8,
   "basis": 0.00012546222926575182
  },
  "XRP": {
   "close": 1.0924,
   "funding_rate": 3e-06,
   "open_interest": 4736397.0,
   "basis": 4.573310161904831e-05
  },
  "DOGE": {
   "close": 0.07195,
   "funding_rate": 7e-06,
   "open_interest": 28597860.0,
   "basis": 0.0
  },
  "ADA": {
   "close": 0.1647,
   "funding_rate": -6e-06,
   "open_interest": 2491023.0,
   "basis": -0.0006049606775558922
  },
  "AVAX": {
   "close": 6.41,
   "funding_rate": -1.4e-05,
   "open_interest": 62625.479,
   "basis": -0.0009345794392523718
  },
  "LINK": {
   "close": 8.319,
   "funding_rate": 1.5e-05,
   "open_interest": 91638.55,
   "basis": 6.0045634682431975e-05
  },
  "DOT": {
   "close": 0.816,
   "funding_rate": -2e-06,
   "open_interest": 337163.3,
   "basis": -0.0012285012285012298
  },
  "LTC": {
   "close": 47.62,
   "funding_rate": 5e-06,
   "open_interest": 15212.73,
   "basis": -0.00020995171110655292
  },
  "BCH": {
   "close": 215.75,
   "funding_rate": 2.2e-05,
   "open_interest": 4798.344,
   "basis": 0.00020816949622989275
  },
  "NEAR": {
   "close": 1.902,
   "funding_rate": 1.7e-05,
   "open_interest": 502129.6,
   "basis": 0.00041884816753933715
  },
  "ATOM": {
   "close": 1.474,
   "funding_rate": 5e-06,
   "open_interest": 23490.4,
   "basis": -0.0003389830508475708
  },
  "UNI": {
   "close": 3.477,
   "funding_rate": 8e-06,
   "open_interest": 160643.88,
   "basis": -0.00014347202295544417
  },
  "APT": {
   "close": 0.5906,
   "funding_rate": 2.1e-05,
   "open_interest": 65888.3,
   "basis": -0.0006769334912844067
  },
  "ARB": {
   "close": 0.0882,
   "funding_rate": 9e-06,
   "open_interest": 706549.7,
   "basis": 0.001414027149321268
  },
  "OP": {
   "close": 0.095,
   "funding_rate": -1.8e-05,
   "open_interest": 495272.5,
   "basis": -0.00789473684210527
  },
  "SUI": {
   "close": 0.7454,
   "funding_rate": 1.1e-05,
   "open_interest": 889840.1,
   "basis": -0.000133868808567589
  },
  "INJ": {
   "close": 5.105,
   "funding_rate": -1e-06,
   "open_interest": 29423.6,
   "basis": 0.0009780907668231404
  },
  "AAVE": {
   "close": 88.82,
   "funding_rate": 2.2e-05,
   "open_interest": 8975.87,
   "basis": 0.0005054476019319522
  },
  "ENA": {
   "close": 0.0797,
   "funding_rate": -5e-06,
   "open_interest": 4176127.0,
   "basis": -0.0003140703517587594
  },
  "HBAR": {
   "close": 0.06632,
   "funding_rate": 1e-05,
   "open_interest": 6080896.0,
   "basis": -7.535795026382819e-05
  },
  "ONDO": {
   "close": 0.34394,
   "funding_rate": 7e-06,
   "open_interest": 423245.0,
   "basis": -8.703725194375796e-05
  },
  "PAXG": {
   "close": 3996.05
  },
  "PEPE": {
   "close": 2.81e-06,
   "funding_rate": 1.5e-05,
   "open_interest": 127591428.0,
   "basis": 0.003928571428571485
  },
  "SHIB": {
   "close": 4.12e-06,
   "funding_rate": -3.3e-05,
   "open_interest": 18209770.0,
   "basis": -0.00024213075060535902
  },
  "XLM": {
   "close": 0.18936,
   "funding_rate": 1.4e-05,
   "open_interest": 1421226.0,
   "basis": 0.0006437043603056593
  },
  "ZEC": {
   "close": 547.24,
   "funding_rate": -2e-06,
   "open_interest": 2033.47,
   "basis": 9.13408841796758e-06
  }
 }
}