{
 "generated_at": 1784419794,
 "assets": {
  "BTC": {
   "close": 64796.36,
   "funding_rate": 2e-06,
   "open_interest": 1909.8859,
   "basis": 3.811359022615037e-05
  },
  "ETH": {
   "close": 1861.54,
   "funding_rate": 1e-06,
   "open_interest": 42772.6859,
   "basis": 5.102698521830273e-05
  },
  "SOL": {
   "close": 75.46,
   "funding_rate": 1e-06,
   "open_interest": 224600.499,
   "basis": -9.937723598771935e-05
  },
  "XRP": {
   "close": 1.0922,
   "funding_rate": 2e-06,
   "open_interest": 4917554.0,
   "basis": -4.574983987545381e-05
  },
  "DOGE": {
   "close": 0.07251,
   "funding_rate": 5e-06,
   "open_interest": 28830265.0,
   "basis": 6.896551724144828e-05
  },
  "ADA": {
   "close": 0.1667,
   "funding_rate": -4e-06,
   "open_interest": 2729746.0,
   "basis": -0.0005995203836931459
  },
  "AVAX": {
   "close": 6.57,
   "funding_rate": -3e-06,
   "open_interest": 66819.211,
   "basis": 0.00015197568389062826
  },
  "LINK": {
   "close": 8.346,
   "funding_rate": 1e-06,
   "open_interest": 94802.71,
   "basis": 0.0
  },
  "DOT": {
   "close": 0.838,
   "funding_rate": 1.1e-05,
   "open_interest": 327368.0,
   "basis": -0.0005966587112171181
  },
  "LTC": {
   "close": 46.97,
   "funding_rate": 3e-06,
   "open_interest": 15291.1,
   "basis": -0.0004259850905218983
  },
  "BCH": {
   "close": 219.95,
   "funding_rate": 1.9e-05,
   "open_interest": 4814.886,
   "basis": 0.0002502274795267443
  },
  "NEAR": {
   "close": 1.93,
   "funding_rate": 4e-06,
   "open_interest": 476686.3,
   "basis": -0.00028423772609821726
  },
  "ATOM": {
   "close": 1.497,
   "funding_rate": 2e-06,
   "open_interest": 23542.4,
   "basis": -0.0006675567423230239
  },
  "UNI": {
   "close": 3.57,
   "funding_rate": 1e-05,
   "open_interest": 166687.5,
   "basis": 0.0005629045876724525
  },
  "APT": {
   "close": 0.6083,
   "funding_rate": 3.7e-05,
   "open_interest": 72654.1,
   "basis": 0.00016471750947123865
  },
  "ARB": {
   "close": 0.0882,
   "funding_rate": -1.5e-05,
   "open_interest": 893144.3,
   "basis": -0.0003412969283276706
  },
  "OP": {
   "close": 0.096,
   "funding_rate": -1.9e-05,
   "open_interest": 328448.9,
   "basis": 0.002631578947368423
  },
  "SUI": {
   "close": 0.7432,
   "funding_rate": 7e-06,
   "open_interest": 843765.3,
   "basis": 0.00013458950201882772
  },
  "INJ": {
   "close": 5.163,
   "funding_rate": 6e-06,
   "open_interest": 34830.9,
   "basis": -0.00029092319627619414
  },
  "AAVE": {
   "close": 89.94,
   "funding_rate": 9e-06,
   "open_interest": 7823.98,
   "basis": -0.0003879405896696585
  },
  "ENA": {
   "close": 0.0807,
   "funding_rate": -1e-05,
   "open_interest": 4081393.0,
   "basis": -0.0007434944237917053
  },
  "HBAR": {
   "close": 0.06708,
   "funding_rate": 1.3e-05,
   "open_interest": 5861866.0,
   "basis": 0.0005211435378202389
  },
  "ONDO": {
   "close": 0.34687,
   "funding_rate": -6e-06,
   "open_interest": 410268.0,
   "basis": -0.0008111709832551205
  },
  "PAXG": {
   "close": 4011.25
  },
  "PEPE": {
   "close": 2.75e-06,
   "funding_rate": 4e-06,
   "open_interest": 111872655.0,
   "basis": 0.0003636363636364119
  },
  "SHIB": {
   "close": 4.15e-06,
   "funding_rate": -4.2e-05,
   "open_interest": 18005684.0,
   "basis": 0.0004830917874396777
  },
  "XLM": {
   "close": 0.187686,
   "funding_rate": 2.1e-05,
   "open_interest": 1470395.0,
   "basis": 0.00025111130107706176
  },
  "ZEC": {
   "close": 558.24,
   "funding_rate": 1e-05,
   "open_interest": 2112.29,
   "basis": 0.00017040970079649007
  }
 }
}