{
 "generated_at": 1784522928,
 "assets": {
  "BTC": {
   "close": 64814.39,
   "funding_rate": 3e-06,
   "open_interest": 1930.3477,
   "basis": 0.00011242370033867521
  },
  "ETH": {
   "close": 1878.37,
   "funding_rate": 1e-06,
   "open_interest": 44058.0048,
   "basis": 4.533768575118485e-05
  },
  "SOL": {
   "close": 76.69,
   "funding_rate": 3e-06,
   "open_interest": 227125.593,
   "basis": 0.00014981761334025622
  },
  "XRP": {
   "close": 1.0992,
   "funding_rate": 6e-06,
   "open_interest": 4814714.0,
   "basis": 4.551661356384476e-05
  },
  "DOGE": {
   "close": 0.07266,
   "funding_rate": 9e-06,
   "open_interest": 28341303.0,
   "basis": -0.0001377410468319025
  },
  "ADA": {
   "close": 0.1654,
   "funding_rate": 2e-06,
   "open_interest": 2534616.0,
   "basis": -0.0006060606060607075
  },
  "AVAX": {
   "close": 6.59,
   "funding_rate": 3e-06,
   "open_interest": 62132.242,
   "basis": 0.00015220700152198565
  },
  "LINK": {
   "close": 8.451,
   "funding_rate": -3e-06,
   "open_interest": 92702.7,
   "basis": 0.0
  },
  "DOT": {
   "close": 0.814,
   "funding_rate": -2e-06,
   "open_interest": 335253.8,
   "basis": -0.0006142506142505467
  },
  "LTC": {
   "close": 47.16,
   "funding_rate": 8e-06,
   "open_interest": 15254.35,
   "basis": 0.0001062925170068571
  },
  "BCH": {
   "close": 213.9,
   "funding_rate": 2.1e-05,
   "open_interest": 4675.082,
   "basis": 0.0009426403355800399
  },
  "NEAR": {
   "close": 1.923,
   "funding_rate": 1.4e-05,
   "open_interest": 500779.5,
   "basis": 0.000676378772112424
  },
  "ATOM": {
   "close": 1.474,
   "funding_rate": 1e-06,
   "open_interest": 32298.4,
   "basis": -0.0017029972752043235
  },
  "UNI": {
   "close": 3.487,
   "funding_rate": 1.3e-05,
   "open_interest": 169499.25,
   "basis": -0.0001436781609195882
  },
  "APT": {
   "close": 0.5907,
   "funding_rate": 2.4e-05,
   "open_interest": 64259.2,
   "basis": -0.0009336275674757078
  },
  "ARB": {
   "close": 0.0877,
   "funding_rate": 2.7e-05,
   "open_interest": 787919.0,
   "basis": -0.0008036739380023033
  },
  "OP": {
   "close": 0.095,
   "funding_rate": 2e-06,
   "open_interest": 417888.6,
   "basis": -0.00789473684210527
  },
  "SUI": {
   "close": 0.7499,
   "funding_rate": 1.3e-05,
   "open_interest": 897261.0,
   "basis": -0.0001333511134817829
  },
  "INJ": {
   "close": 5.135,
   "funding_rate": 7e-06,
   "open_interest": 31687.1,
   "basis": 0.0005832037325039101
  },
  "AAVE": {
   "close": 89.74,
   "funding_rate": 5e-06,
   "open_interest": 8044.24,
   "basis": 0.000278086763069983
  },
  "ENA": {
   "close": 0.0804,
   "funding_rate": -1.1e-05,
   "open_interest": 4164634.0,
   "basis": -0.0013059701492536566
  },
  "HBAR": {
   "close": 0.06613,
   "funding_rate": 7e-06,
   "open_interest": 6063289.0,
   "basis": -0.0004537205081670031
  },
  "ONDO": {
   "close": 0.34591,
   "funding_rate": -1.2e-05,
   "open_interest": 408807.0,
   "basis": -0.0009524359270376269
  },
  "PAXG": {
   "close": 4018.51
  },
  "PEPE": {
   "close": 2.88e-06,
   "funding_rate": 8e-06,
   "open_interest": 132229069.0,
   "basis": -0.0006944444444445365
  },
  "SHIB": {
   "close": 4.18e-06,
   "funding_rate": -5e-05,
   "open_interest": 18223559.0,
   "basis": 0.0001196172248805024
  },
  "XLM": {
   "close": 0.187264,
   "funding_rate": 1.7e-05,
   "open_interest": 1603909.0,
   "basis": 4.804586778849676e-05
  },
  "ZEC": {
   "close": 536.62,
   "funding_rate": 3e-06,
   "open_interest": 1937.67,
   "basis": 0.00015875091048323103
  }
 }
}