{
 "generated_at": 1784460025,
 "assets": {
  "BTC": {
   "close": 64553.67,
   "funding_rate": 5e-06,
   "open_interest": 1880.1903,
   "basis": 5.976269256631966e-05
  },
  "ETH": {
   "close": 1870.95,
   "funding_rate": 2e-06,
   "open_interest": 43247.8951,
   "basis": 0.00013066596978155755
  },
  "SOL": {
   "close": 76.22,
   "funding_rate": 6e-06,
   "open_interest": 225383.307,
   "basis": 0.0003210167714885128
  },
  "XRP": {
   "close": 1.0972,
   "funding_rate": 1e-06,
   "open_interest": 4793284.0,
   "basis": -0.00013658714259706293
  },
  "DOGE": {
   "close": 0.07257,
   "funding_rate": 6e-06,
   "open_interest": 28649947.0,
   "basis": 0.0
  },
  "ADA": {
   "close": 0.1654,
   "funding_rate": 1e-06,
   "open_interest": 2640795.0,
   "basis": -0.0006038647342994504
  },
  "AVAX": {
   "close": 6.5,
   "funding_rate": -8e-06,
   "open_interest": 63724.95,
   "basis": -0.0003834355828220096
  },
  "LINK": {
   "close": 8.365,
   "funding_rate": 1e-05,
   "open_interest": 94781.6,
   "basis": 0.00011946004061634759
  },
  "DOT": {
   "close": 0.832,
   "funding_rate": -4e-06,
   "open_interest": 333242.1,
   "basis": -0.0006002400960383493
  },
  "LTC": {
   "close": 47.03,
   "funding_rate": 1e-05,
   "open_interest": 15556.47,
   "basis": -0.00010626992561095543
  },
  "BCH": {
   "close": 217.9,
   "funding_rate": 5e-06,
   "open_interest": 4755.073,
   "basis": 0.00039084053706091575
  },
  "NEAR": {
   "close": 1.925,
   "funding_rate": 7e-06,
   "open_interest": 470736.0,
   "basis": 0.00036344755970931723
  },
  "ATOM": {
   "close": 1.489,
   "funding_rate": -5e-06,
   "open_interest": 23272.7,
   "basis": -0.0006729475100941385
  },
  "UNI": {
   "close": 3.523,
   "funding_rate": 4e-06,
   "open_interest": 166967.81,
   "basis": -0.00042529061525377283
  },
  "APT": {
   "close": 0.6039,
   "funding_rate": 1.6e-05,
   "open_interest": 63328.4,
   "basis": 0.0
  },
  "ARB": {
   "close": 0.0892,
   "funding_rate": -3e-06,
   "open_interest": 812118.0,
   "basis": -0.0002239641657335512
  },
  "OP": {
   "close": 0.095,
   "funding_rate": -3.3e-05,
   "open_interest": 450614.8,
   "basis": -0.0031578947368420497
  },
  "SUI": {
   "close": 0.7539,
   "funding_rate": 1e-06,
   "open_interest": 873998.2,
   "basis": 0.00026539278131631897
  },
  "INJ": {
   "close": 5.076,
   "funding_rate": -1.3e-05,
   "open_interest": 44190.6,
   "basis": -0.00029562475364604984
  },
  "AAVE": {
   "close": 89.96,
   "funding_rate": 1.7e-05,
   "open_interest": 7738.88,
   "basis": 0.0003336298932384468
  },
  "ENA": {
   "close": 0.0806,
   "funding_rate": -1e-05,
   "open_interest": 4093099.0,
   "basis": -0.0004968944099378679
  },
  "HBAR": {
   "close": 0.06672,
   "funding_rate": 1.8e-05,
   "open_interest": 5827832.0,
   "basis": -7.478312892618905e-05
  },
  "ONDO": {
   "close": 0.35222,
   "funding_rate": -1e-06,
   "open_interest": 410707.0,
   "basis": 0.00042295220640063013
  },
  "PAXG": {
   "close": 4005.55
  },
  "PEPE": {
   "close": 2.83e-06,
   "funding_rate": 1e-05,
   "open_interest": 126404421.0,
   "basis": 0.0001760563380281924
  },
  "SHIB": {
   "close": 4.16e-06,
   "funding_rate": -3.7e-05,
   "open_interest": 18399192.0,
   "basis": -0.000600961538461514
  },
  "XLM": {
   "close": 0.187355,
   "funding_rate": 1.7e-05,
   "open_interest": 1536727.0,
   "basis": -1.5952101157606762e-05
  },
  "ZEC": {
   "close": 558.69,
   "funding_rate": 9e-06,
   "open_interest": 2229.14,
   "basis": 2.6861502095172736e-05
  }
 }
}