{
 "generated_at": 1784626566,
 "assets": {
  "BTC": {
   "close": 66186.39,
   "funding_rate": 2e-06,
   "open_interest": 1943.5637,
   "basis": -0.00014935990229763402
  },
  "ETH": {
   "close": 1938.62,
   "funding_rate": 7e-06,
   "open_interest": 45287.4839,
   "basis": 7.990102582605944e-05
  },
  "SOL": {
   "close": 78.3,
   "funding_rate": 4e-06,
   "open_interest": 228444.592,
   "basis": 3.1899961720016924e-05
  },
  "XRP": {
   "close": 1.1326,
   "funding_rate": 1e-05,
   "open_interest": 5114096.0,
   "basis": 0.0003085603455874552
  },
  "DOGE": {
   "close": 0.07347,
   "funding_rate": 2.3e-05,
   "open_interest": 30899208.0,
   "basis": 0.000748095756256794
  },
  "ADA": {
   "close": 0.1744,
   "funding_rate": 3e-06,
   "open_interest": 2374349.0,
   "basis": -0.0005711022272987821
  },
  "AVAX": {
   "close": 6.65,
   "funding_rate": 4e-06,
   "open_interest": 58614.844,
   "basis": 0.0
  },
  "LINK": {
   "close": 8.697,
   "funding_rate": 1.8e-05,
   "open_interest": 91909.63,
   "basis": 0.0004022063893358682
  },
  "DOT": {
   "close": 0.856,
   "funding_rate": 1e-06,
   "open_interest": 299420.7,
   "basis": 0.0
  },
  "LTC": {
   "close": 47.57,
   "funding_rate": 3e-06,
   "open_interest": 14411.54,
   "basis": -0.00021003990758239888
  },
  "BCH": {
   "close": 223.57,
   "funding_rate": 1.2e-05,
   "open_interest": 4384.343,
   "basis": 0.0
  },
  "NEAR": {
   "close": 2.001,
   "funding_rate": 1.6e-05,
   "open_interest": 481754.3,
   "basis": 0.0006951340615691609
  },
  "ATOM": {
   "close": 1.5,
   "funding_rate": 9e-06,
   "open_interest": 26257.2,
   "basis": -0.0010006671114076429
  },
  "UNI": {
   "close": 3.713,
   "funding_rate": 5e-06,
   "open_interest": 149727.01,
   "basis": 0.0002711496746203606
  },
  "APT": {
   "close": 0.6169,
   "funding_rate": 2.5e-05,
   "open_interest": 63071.7,
   "basis": 0.0004861448711715556
  },
  "ARB": {
   "close": 0.0907,
   "funding_rate": -2e-06,
   "open_interest": 856626.1,
   "basis": 0.0007717750826901943
  },
  "OP": {
   "close": 0.096,
   "funding_rate": -3.1e-05,
   "open_interest": 400823.7,
   "basis": -0.001030927835051576
  },
  "SUI": {
   "close": 0.7714,
   "funding_rate": 1.3e-05,
   "open_interest": 897478.5,
   "basis": 0.00019404915912028911
  },
  "INJ": {
   "close": 5.36,
   "funding_rate": -2e-06,
   "open_interest": 24769.1,
   "basis": -0.0007443245254930331
  },
  "AAVE": {
   "close": 94.7,
   "funding_rate": 1.2e-05,
   "open_interest": 7255.63,
   "basis": 0.00021079258010128828
  },
  "ENA": {
   "close": 0.0851,
   "funding_rate": 2e-06,
   "open_interest": 4021526.0,
   "basis": -0.0004117647058824382
  },
  "HBAR": {
   "close": 0.06768,
   "funding_rate": 1.2e-05,
   "open_interest": 5852718.0,
   "basis": 0.0005903187721369299
  },
  "ONDO": {
   "close": 0.38994,
   "funding_rate": -3e-06,
   "open_interest": 452401.0,
   "basis": 0.00040435694609414815
  },
  "PAXG": {
   "close": 4056.32
  },
  "PEPE": {
   "close": 2.93e-06,
   "funding_rate": 7e-06,
   "open_interest": 135716466.0,
   "basis": -0.0001706484641638452
  },
  "SHIB": {
   "close": 4.28e-06,
   "funding_rate": -6e-06,
   "open_interest": 19923084.0,
   "basis": -0.0008177570093458016
  },
  "XLM": {
   "close": 0.192389,
   "funding_rate": 1.4e-05,
   "open_interest": 1334252.0,
   "basis": 0.0003128747979350498
  },
  "ZEC": {
   "close": 541.41,
   "funding_rate": -1e-06,
   "open_interest": 1961.53,
   "basis": -0.00036257483916561303
  }
 }
}