{
 "generated_at": 1784691646,
 "assets": {
  "BTC": {
   "close": 66268.01,
   "funding_rate": 1e-06,
   "open_interest": 1938.7492,
   "basis": 2.1145113628686235e-05
  },
  "ETH": {
   "close": 1929.02,
   "funding_rate": 0.0,
   "open_interest": 46382.9815,
   "basis": -0.0001269508985015225
  },
  "SOL": {
   "close": 78.08,
   "funding_rate": 1e-06,
   "open_interest": 234750.405,
   "basis": -6.412722842149384e-06
  },
  "XRP": {
   "close": 1.1408,
   "funding_rate": 1e-05,
   "open_interest": 5115159.0,
   "basis": 0.00013162513162521457
  },
  "DOGE": {
   "close": 0.07337,
   "funding_rate": 1.4e-05,
   "open_interest": 31059957.0,
   "basis": 0.000273074822501449
  },
  "ADA": {
   "close": 0.1742,
   "funding_rate": -3e-06,
   "open_interest": 2340306.0,
   "basis": -0.0011507479861910571
  },
  "AVAX": {
   "close": 6.59,
   "funding_rate": 2e-06,
   "open_interest": 59132.071,
   "basis": 0.0012195121951219523
  },
  "LINK": {
   "close": 8.687,
   "funding_rate": 2.1e-05,
   "open_interest": 90206.01,
   "basis": 0.00046024623173392695
  },
  "DOT": {
   "close": 0.853,
   "funding_rate": -1.2e-05,
   "open_interest": 297357.5,
   "basis": -0.0005854800936767505
  },
  "LTC": {
   "close": 46.6,
   "funding_rate": -8e-06,
   "open_interest": 14257.29,
   "basis": -0.0003214744963564823
  },
  "BCH": {
   "close": 225.15,
   "funding_rate": 1e-05,
   "open_interest": 4247.659,
   "basis": 0.0004003736821033116
  },
  "NEAR": {
   "close": 1.93,
   "funding_rate": 6e-06,
   "open_interest": 518177.9,
   "basis": 0.0005720228809151736
  },
  "ATOM": {
   "close": 1.484,
   "funding_rate": -8e-06,
   "open_interest": 26367.0,
   "basis": -0.001346801346801348
  },
  "UNI": {
   "close": 3.676,
   "funding_rate": 7e-06,
   "open_interest": 139533.02,
   "basis": -0.00013605442176863207
  },
  "APT": {
   "close": 0.6094,
   "funding_rate": 1.9e-05,
   "open_interest": 69879.7,
   "basis": -0.0006595218466612811
  },
  "ARB": {
   "close": 0.0897,
   "funding_rate": 6e-06,
   "open_interest": 804235.1,
   "basis": -0.0002790178571428264
  },
  "OP": {
   "close": 0.098,
   "funding_rate": -7e-06,
   "open_interest": 352583.9,
   "basis": -0.008163265306122542
  },
  "SUI": {
   "close": 0.7686,
   "funding_rate": -2e-06,
   "open_interest": 882731.8,
   "basis": -0.00013063357282820247
  },
  "INJ": {
   "close": 5.386,
   "funding_rate": -3e-06,
   "open_interest": 31546.4,
   "basis": -0.0006500742942051866
  },
  "AAVE": {
   "close": 96.94,
   "funding_rate": 8e-06,
   "open_interest": 6610.15,
   "basis": -0.0002076196408179801
  },
  "ENA": {
   "close": 0.0874,
   "funding_rate": -3e-06,
   "open_interest": 4211345.0,
   "basis": 0.0007505773672056524
  },
  "HBAR": {
   "close": 0.07033,
   "funding_rate": 3e-06,
   "open_interest": 6843780.0,
   "basis": -0.000142207053469797
  },
  "ONDO": {
   "close": 0.40047,
   "funding_rate": 4e-06,
   "open_interest": 558278.0,
   "basis": -0.0001759589764215336
  },
  "PAXG": {
   "close": 4119.08
  },
  "PEPE": {
   "close": 2.87e-06,
   "funding_rate": -9e-06,
   "open_interest": 112537112.0,
   "basis": 0.000348432055749024
  },
  "SHIB": {
   "close": 4.25e-06,
   "funding_rate": -1e-05,
   "open_interest": 19754008.0,
   "basis": -0.0023529411764706964
  },
  "XLM": {
   "close": 0.19224,
   "funding_rate": 1.2e-05,
   "open_interest": 1187016.0,
   "basis": 9.416343633776426e-05
  },
  "ZEC": {
   "close": 530.31,
   "funding_rate": 6e-06,
   "open_interest": 2190.26,
   "basis": 0.0001134880553820678
  }
 }
}