{
 "generated_at": 1784398709,
 "assets": {
  "BTC": {
   "close": 64443.32,
   "funding_rate": 3e-06,
   "open_interest": 1940.2601,
   "basis": -5.6175268077773e-05
  },
  "ETH": {
   "close": 1851.41,
   "funding_rate": 2e-06,
   "open_interest": 42673.2757,
   "basis": -5.6760745349560147e-05
  },
  "SOL": {
   "close": 75.29,
   "funding_rate": 2e-06,
   "open_interest": 224604.249,
   "basis": -0.000126245847176116
  },
  "XRP": {
   "close": 1.0928,
   "funding_rate": 4e-06,
   "open_interest": 4964293.0,
   "basis": -0.0001374507468156075
  },
  "DOGE": {
   "close": 0.07234,
   "funding_rate": 5e-06,
   "open_interest": 29585247.0,
   "basis": 0.0
  },
  "ADA": {
   "close": 0.1652,
   "funding_rate": -9e-06,
   "open_interest": 2659474.0,
   "basis": -0.0006064281382655488
  },
  "AVAX": {
   "close": 6.57,
   "funding_rate": -4e-06,
   "open_interest": 67810.751,
   "basis": -0.00022865853658523915
  },
  "LINK": {
   "close": 8.297,
   "funding_rate": -2e-06,
   "open_interest": 96577.79,
   "basis": 0.00012058362474390718
  },
  "DOT": {
   "close": 0.835,
   "funding_rate": 6e-06,
   "open_interest": 330520.4,
   "basis": -0.000598086124401848
  },
  "LTC": {
   "close": 47.45,
   "funding_rate": 5e-06,
   "open_interest": 15056.02,
   "basis": -0.00010537407797687161
  },
  "BCH": {
   "close": 220.7,
   "funding_rate": 1.5e-05,
   "open_interest": 4805.829,
   "basis": -0.00015873735770328173
  },
  "NEAR": {
   "close": 1.929,
   "funding_rate": 6e-06,
   "open_interest": 519638.0,
   "basis": -0.0003617571059432274
  },
  "ATOM": {
   "close": 1.504,
   "funding_rate": -9e-06,
   "open_interest": 23992.5,
   "basis": -0.001003344481605389
  },
  "UNI": {
   "close": 3.531,
   "funding_rate": 6e-06,
   "open_interest": 166640.45,
   "basis": -0.00014148273910575068
  },
  "APT": {
   "close": 0.6075,
   "funding_rate": 1.6e-05,
   "open_interest": 72311.9,
   "basis": -8.254911672444196e-05
  },
  "ARB": {
   "close": 0.0887,
   "funding_rate": -6e-06,
   "open_interest": 961501.8,
   "basis": -0.001131221719457046
  },
  "OP": {
   "close": 0.095,
   "funding_rate": -2.1e-05,
   "open_interest": 453698.3,
   "basis": 0.0015789473684210248
  },
  "SUI": {
   "close": 0.7398,
   "funding_rate": 3e-06,
   "open_interest": 897930.4,
   "basis": -0.0003382492220267521
  },
  "INJ": {
   "close": 5.166,
   "funding_rate": 8e-06,
   "open_interest": 38262.4,
   "basis": 9.699321047521297e-05
  },
  "AAVE": {
   "close": 89.1,
   "funding_rate": 1.9e-05,
   "open_interest": 8240.64,
   "basis": 0.0
  },
  "ENA": {
   "close": 0.0806,
   "funding_rate": -9e-06,
   "open_interest": 4295831.0,
   "basis": 0.0
  },
  "HBAR": {
   "close": 0.06675,
   "funding_rate": 1.4e-05,
   "open_interest": 5869892.0,
   "basis": 7.498500299926699e-05
  },
  "ONDO": {
   "close": 0.34694,
   "funding_rate": -4e-06,
   "open_interest": 421812.0,
   "basis": -0.0008628127696290552
  },
  "PAXG": {
   "close": 4012.75
  },
  "PEPE": {
   "close": 2.76e-06
  },
  "SHIB": {
   "close": 4.15e-06
  },
  "XLM": {
   "close": 0.187614,
   "funding_rate": 3e-06,
   "open_interest": 1457900.0,
   "basis": -0.0002135725345721194
  },
  "ZEC": {
   "close": 559.21,
   "funding_rate": 9e-06,
   "open_interest": 2180.11,
   "basis": -0.0005109541396248847
  }
 }
}