{
 "generated_at": 1784398858,
 "assets": {
  "BTC": {
   "close": 64443.32,
   "funding_rate": 3e-06,
   "open_interest": 1941.6077,
   "basis": 6.202795755026462e-06
  },
  "ETH": {
   "close": 1851.41,
   "funding_rate": 2e-06,
   "open_interest": 42537.2354,
   "basis": -7.2938672083934e-05
  },
  "SOL": {
   "close": 75.29,
   "funding_rate": 2e-06,
   "open_interest": 224373.651,
   "basis": 0.00015274272811791826
  },
  "XRP": {
   "close": 1.0928,
   "funding_rate": 4e-06,
   "open_interest": 4965835.0,
   "basis": -4.577916132586112e-05
  },
  "DOGE": {
   "close": 0.07234,
   "funding_rate": 5e-06,
   "open_interest": 29585247.0,
   "basis": 0.0002767017155507211
  },
  "ADA": {
   "close": 0.1652,
   "funding_rate": -9e-06,
   "open_interest": 2660084.0,
   "basis": -0.0009074410163340062
  },
  "AVAX": {
   "close": 6.57,
   "funding_rate": -4e-06,
   "open_interest": 67810.751,
   "basis": -0.001293759512937689
  },
  "LINK": {
   "close": 8.297,
   "funding_rate": -2e-06,
   "open_interest": 96577.79,
   "basis": 0.000120467413564564
  },
  "DOT": {
   "close": 0.835,
   "funding_rate": 6e-06,
   "open_interest": 330256.1,
   "basis": -0.000598086124401848
  },
  "LTC": {
   "close": 47.45,
   "funding_rate": 5e-06,
   "open_interest": 15088.93,
   "basis": -0.00010548523206741461
  },
  "BCH": {
   "close": 220.7,
   "funding_rate": 1.5e-05,
   "open_interest": 4812.49,
   "basis": 0.00045382346267299443
  },
  "NEAR": {
   "close": 1.929,
   "funding_rate": 6e-06,
   "open_interest": 519379.4,
   "basis": -0.000258397932816509
  },
  "ATOM": {
   "close": 1.504,
   "funding_rate": -9e-06,
   "open_interest": 23985.8,
   "basis": -0.002338009352037447
  },
  "UNI": {
   "close": 3.531,
   "funding_rate": 6e-06,
   "open_interest": 166640.45,
   "basis": -0.00014148273910575068
  },
  "APT": {
   "close": 0.6075,
   "funding_rate": 1.6e-05,
   "open_interest": 72129.9,
   "basis": -8.24266402901327e-05
  },
  "ARB": {
   "close": 0.0887,
   "funding_rate": -6e-06,
   "open_interest": 961501.8,
   "basis": 0.00016968325791840775
  },
  "OP": {
   "close": 0.095,
   "funding_rate": -2.1e-05,
   "open_interest": 453698.3,
   "basis": 0.0015789473684210248
  },
  "SUI": {
   "close": 0.7398,
   "funding_rate": 3e-06,
   "open_interest": 897930.4,
   "basis": 0.0
  },
  "INJ": {
   "close": 5.166,
   "funding_rate": 8e-06,
   "open_interest": 38373.4,
   "basis": 0.0
  },
  "AAVE": {
   "close": 89.1,
   "funding_rate": 1.9e-05,
   "open_interest": 8240.64,
   "basis": -0.00022346368715079354
  },
  "ENA": {
   "close": 0.0806,
   "funding_rate": -9e-06,
   "open_interest": 4295831.0,
   "basis": -0.0003722084367245936
  },
  "HBAR": {
   "close": 0.06675,
   "funding_rate": 1.4e-05,
   "open_interest": 5869589.0,
   "basis": -0.00022468544038347998
  },
  "ONDO": {
   "close": 0.34694,
   "funding_rate": -4e-06,
   "open_interest": 421812.0,
   "basis": -0.0011224959705272894
  },
  "PAXG": {
   "close": 4012.75
  },
  "PEPE": {
   "close": 2.76e-06,
   "funding_rate": -1e-06,
   "open_interest": 109935249.0,
   "basis": 0.00145454545454549
  },
  "SHIB": {
   "close": 4.15e-06,
   "funding_rate": -2e-05,
   "open_interest": 17711611.0,
   "basis": 0.0010869565217391701
  },
  "XLM": {
   "close": 0.187614,
   "funding_rate": 3e-06,
   "open_interest": 1457900.0,
   "basis": -0.0002719550367672304
  },
  "ZEC": {
   "close": 559.21,
   "funding_rate": 9e-06,
   "open_interest": 2179.88,
   "basis": 7.151796888982177e-05
  }
 }
}