{
 "generated_at": 1784729962,
 "assets": {
  "BTC": {
   "close": 65911.11,
   "funding_rate": 4e-06,
   "open_interest": 1892.5518,
   "basis": -1.7498052390823275e-05
  },
  "ETH": {
   "close": 1938.82,
   "funding_rate": 1e-06,
   "open_interest": 46655.4677,
   "basis": 5.433095312015844e-05
  },
  "SOL": {
   "close": 77.82,
   "funding_rate": 6e-06,
   "open_interest": 237097.158,
   "basis": -4.4981364863160276e-05
  },
  "XRP": {
   "close": 1.1422,
   "funding_rate": 9e-06,
   "open_interest": 5015896.0,
   "basis": 4.380585246198135e-05
  },
  "DOGE": {
   "close": 0.07279,
   "funding_rate": 1.1e-05,
   "open_interest": 30776063.0,
   "basis": -0.00013751375137527504
  },
  "ADA": {
   "close": 0.1754,
   "funding_rate": -6e-06,
   "open_interest": 2366097.0,
   "basis": -0.0005717552887363578
  },
  "AVAX": {
   "close": 6.56,
   "funding_rate": -6e-06,
   "open_interest": 58215.07,
   "basis": -0.00015267175572510622
  },
  "LINK": {
   "close": 8.681,
   "funding_rate": 2e-05,
   "open_interest": 91869.68,
   "basis": 0.00028855032317630456
  },
  "DOT": {
   "close": 0.84,
   "funding_rate": -5e-06,
   "open_interest": 278471.5,
   "basis": -0.0005952380952380297
  },
  "LTC": {
   "close": 46.83,
   "funding_rate": -5e-06,
   "open_interest": 14041.01,
   "basis": -0.0003207184092367023
  },
  "BCH": {
   "close": 221.49,
   "funding_rate": 2e-06,
   "open_interest": 4048.136,
   "basis": 0.0002265724125429715
  },
  "NEAR": {
   "close": 1.887,
   "funding_rate": 1e-05,
   "open_interest": 580301.5,
   "basis": -0.00013234515616732847
  },
  "ATOM": {
   "close": 1.469,
   "funding_rate": -1.4e-05,
   "open_interest": 26158.0,
   "basis": -0.0010231923601637495
  },
  "UNI": {
   "close": 3.797,
   "funding_rate": 2e-06,
   "open_interest": 135617.28,
   "basis": 0.0001326963906582184
  },
  "APT": {
   "close": 0.6115,
   "funding_rate": 9e-06,
   "open_interest": 67535.2,
   "basis": -0.0004918032786884705
  },
  "ARB": {
   "close": 0.0906,
   "funding_rate": 9e-06,
   "open_interest": 1066386.4,
   "basis": -0.0005530973451326825
  },
  "OP": {
   "close": 0.097,
   "funding_rate": 1.5e-05,
   "open_interest": 350357.5,
   "basis": 0.0
  },
  "SUI": {
   "close": 0.7669,
   "funding_rate": 6e-06,
   "open_interest": 933745.9,
   "basis": 0.00013042911177773441
  },
  "INJ": {
   "close": 5.241,
   "funding_rate": 0.0,
   "open_interest": 31818.1,
   "basis": -9.567546880974414e-05
  },
  "AAVE": {
   "close": 97.8,
   "funding_rate": 3e-06,
   "open_interest": 6480.09,
   "basis": 0.00040971013008303037
  },
  "ENA": {
   "close": 0.0893,
   "funding_rate": -1.3e-05,
   "open_interest": 4218211.0,
   "basis": -5.643340857793455e-05
  },
  "HBAR": {
   "close": 0.07145,
   "funding_rate": 9e-06,
   "open_interest": 6318459.0,
   "basis": -0.000626217645421507
  },
  "ONDO": {
   "close": 0.4175,
   "funding_rate": -2e-06,
   "open_interest": 550771.0,
   "basis": 0.0010893246187362634
  },
  "PAXG": {
   "close": 4145.62
  },
  "PEPE": {
   "close": 2.86e-06,
   "funding_rate": 4e-06,
   "open_interest": 127234478.0,
   "basis": -0.0010489510489510366
  },
  "SHIB": {
   "close": 4.26e-06,
   "funding_rate": -1.5e-05,
   "open_interest": 19536720.0,
   "basis": -0.0003529411764707371
  },
  "XLM": {
   "close": 0.1907,
   "funding_rate": 1.1e-05,
   "open_interest": 1298395.0,
   "basis": 2.6362965306364023e-05
  },
  "ZEC": {
   "close": 516.44,
   "funding_rate": 1.2e-05,
   "open_interest": 2253.6,
   "basis": -0.00028228789471631394
  }
 }
}