{
 "generated_at": 1784810822,
 "assets": {
  "BTC": {
   "close": 65525.22,
   "funding_rate": 4e-06,
   "open_interest": 1939.0896,
   "basis": 0.00019333589473913664
  },
  "ETH": {
   "close": 1925.26,
   "funding_rate": -1e-06,
   "open_interest": 43460.1988,
   "basis": 0.00017132856073468083
  },
  "SOL": {
   "close": 77.62,
   "funding_rate": 1e-06,
   "open_interest": 234273.662,
   "basis": -0.00025470219435746923
  },
  "XRP": {
   "close": 1.132,
   "funding_rate": 3e-06,
   "open_interest": 4803610.0,
   "basis": -0.00022321428571436025
  },
  "DOGE": {
   "close": 0.07232,
   "funding_rate": 7e-06,
   "open_interest": 29698218.0,
   "basis": 0.00014098406880017091
  },
  "ADA": {
   "close": 0.1743,
   "funding_rate": -9e-06,
   "open_interest": 2186446.0,
   "basis": -0.0005797101449274725
  },
  "AVAX": {
   "close": 6.58,
   "funding_rate": -5e-06,
   "open_interest": 57943.952,
   "basis": 0.0
  },
  "LINK": {
   "close": 8.636,
   "funding_rate": 6e-06,
   "open_interest": 90989.3,
   "basis": 0.00011730205278585874
  },
  "DOT": {
   "close": 0.818,
   "funding_rate": -1e-06,
   "open_interest": 284586.0,
   "basis": -0.001226993865030676
  },
  "LTC": {
   "close": 46.9,
   "funding_rate": -3e-06,
   "open_interest": 13625.01,
   "basis": -0.00031996587030717937
  },
  "BCH": {
   "close": 216.08,
   "funding_rate": 2e-06,
   "open_interest": 4029.229,
   "basis": -0.00011620340243551763
  },
  "NEAR": {
   "close": 1.888,
   "funding_rate": 1.7e-05,
   "open_interest": 573196.7,
   "basis": -0.00016008537886883084
  },
  "ATOM": {
   "close": 1.457,
   "funding_rate": -1.4e-05,
   "open_interest": 25397.9,
   "basis": -0.0010366275051831768
  },
  "UNI": {
   "close": 3.827,
   "funding_rate": 4e-06,
   "open_interest": 136417.85,
   "basis": 0.0
  },
  "APT": {
   "close": 0.6194,
   "funding_rate": 5e-06,
   "open_interest": 65418.1,
   "basis": -8.11820100665603e-05
  },
  "ARB": {
   "close": 0.0881,
   "funding_rate": -7e-06,
   "open_interest": 1097515.5,
   "basis": 0.00011494252873574715
  },
  "OP": {
   "close": 0.096,
   "funding_rate": -1.5e-05,
   "open_interest": 367446.7,
   "basis": -0.003684210526315822
  },
  "SUI": {
   "close": 0.7665,
   "funding_rate": 0.0,
   "open_interest": 893268.7,
   "basis": -0.0010519395134778592
  },
  "INJ": {
   "close": 5.17,
   "funding_rate": -2e-06,
   "open_interest": 34689.7,
   "basis": -0.0007792713812586105
  },
  "AAVE": {
   "close": 96.59,
   "funding_rate": -2e-05,
   "open_interest": 6328.31,
   "basis": -0.00041684035014581124
  },
  "ENA": {
   "close": 0.0915,
   "funding_rate": -1.4e-05,
   "open_interest": 4283011.0,
   "basis": 0.0010497237569060537
  },
  "HBAR": {
   "close": 0.07282,
   "funding_rate": 1.2e-05,
   "open_interest": 5544078.0,
   "basis": 0.00020781379883625832
  },
  "ONDO": {
   "close": 0.40367,
   "funding_rate": 1.4e-05,
   "open_interest": 574022.0,
   "basis": 0.00039876383212041045
  },
  "PAXG": {
   "close": 4078.43
  },
  "PEPE": {
   "close": 2.84e-06,
   "funding_rate": -1e-05,
   "open_interest": 112269317.0,
   "basis": 0.0014134275618374902
  },
  "SHIB": {
   "close": 4.22e-06,
   "funding_rate": -8e-06,
   "open_interest": 20112683.0,
   "basis": -0.0028639618138424482
  },
  "XLM": {
   "close": 0.1847,
   "funding_rate": 0.0,
   "open_interest": 1316024.0,
   "basis": -0.0005098320843359958
  },
  "ZEC": {
   "close": 517.28,
   "funding_rate": 1.7e-05,
   "open_interest": 2239.8,
   "basis": -0.00021530210800339324
  }
 }
}