{
 "generated_at": 1784481133,
 "assets": {
  "BTC": {
   "close": 64495.08,
   "funding_rate": 6e-06,
   "open_interest": 1885.4296,
   "basis": -9.732933865257315e-05
  },
  "ETH": {
   "close": 1865.11,
   "funding_rate": 4e-06,
   "open_interest": 43374.7901,
   "basis": -2.408490732666775e-05
  },
  "SOL": {
   "close": 75.86,
   "funding_rate": 6e-06,
   "open_interest": 226398.778,
   "basis": 0.00016449532833271276
  },
  "XRP": {
   "close": 1.0934,
   "funding_rate": 3e-06,
   "open_interest": 4742177.0,
   "basis": -4.569966182259895e-05
  },
  "DOGE": {
   "close": 0.07225,
   "funding_rate": 7e-06,
   "open_interest": 28437563.0,
   "basis": 0.0004150525733259857
  },
  "ADA": {
   "close": 0.1651,
   "funding_rate": -6e-06,
   "open_interest": 2636216.0,
   "basis": -0.0006056935190792792
  },
  "AVAX": {
   "close": 6.45,
   "funding_rate": -1.1e-05,
   "open_interest": 63777.045,
   "basis": -0.000772797527047897
  },
  "LINK": {
   "close": 8.329,
   "funding_rate": 1.2e-05,
   "open_interest": 93267.07,
   "basis": -0.00017953321364453103
  },
  "DOT": {
   "close": 0.822,
   "funding_rate": -2e-06,
   "open_interest": 328578.1,
   "basis": -0.0012224938875305634
  },
  "LTC": {
   "close": 47.15,
   "funding_rate": 6e-06,
   "open_interest": 15560.83,
   "basis": -0.00031752751905166315
  },
  "BCH": {
   "close": 215.88,
   "funding_rate": 7e-06,
   "open_interest": 4751.135,
   "basis": 0.000552791597567607
  },
  "NEAR": {
   "close": 1.907,
   "funding_rate": 8e-06,
   "open_interest": 508202.7,
   "basis": 0.0005224660397074775
  },
  "ATOM": {
   "close": 1.483,
   "funding_rate": 1.1e-05,
   "open_interest": 23473.7,
   "basis": -0.0020242914979756352
  },
  "UNI": {
   "close": 3.49,
   "funding_rate": 6e-06,
   "open_interest": 165075.32,
   "basis": 0.00042955326460482725
  },
  "APT": {
   "close": 0.5943,
   "funding_rate": 1.6e-05,
   "open_interest": 65985.9,
   "basis": -0.0005042864346948511
  },
  "ARB": {
   "close": 0.0891,
   "funding_rate": 9e-06,
   "open_interest": 707149.7,
   "basis": -0.0004494382022471727
  },
  "OP": {
   "close": 0.093,
   "funding_rate": 1e-06,
   "open_interest": 623198.6,
   "basis": -0.0037234042553191816
  },
  "SUI": {
   "close": 0.7487,
   "funding_rate": 5e-06,
   "open_interest": 882350.2,
   "basis": 0.000133743480005335
  },
  "INJ": {
   "close": 5.088,
   "funding_rate": -2e-06,
   "open_interest": 33995.0,
   "basis": -0.0008823529411763299
  },
  "AAVE": {
   "close": 89.1,
   "funding_rate": 2e-05,
   "open_interest": 8962.37,
   "basis": 0.0009516345723243167
  },
  "ENA": {
   "close": 0.0796,
   "funding_rate": -1e-05,
   "open_interest": 4121695.0,
   "basis": -0.00018796992481204415
  },
  "HBAR": {
   "close": 0.06649,
   "funding_rate": 1.9e-05,
   "open_interest": 5901254.0,
   "basis": 0.0
  },
  "ONDO": {
   "close": 0.34496,
   "funding_rate": 7e-06,
   "open_interest": 441847.0,
   "basis": -2.885919598282878e-05
  },
  "PAXG": {
   "close": 4004.5
  },
  "PEPE": {
   "close": 2.84e-06,
   "funding_rate": 1.4e-05,
   "open_interest": 132980931.0,
   "basis": 0.0010600706713780794
  },
  "SHIB": {
   "close": 4.12e-06,
   "funding_rate": -3.6e-05,
   "open_interest": 18134571.0,
   "basis": 0.0006053268765132925
  },
  "XLM": {
   "close": 0.189874,
   "funding_rate": 9e-06,
   "open_interest": 1345033.0,
   "basis": 0.0006009615384615542
  },
  "ZEC": {
   "close": 550.97,
   "funding_rate": -3e-06,
   "open_interest": 2106.19,
   "basis": 0.0002890538904848551
  }
 }
}