{
 "generated_at": 1784615921,
 "assets": {
  "BTC": {
   "close": 65704.1,
   "funding_rate": 2e-06,
   "open_interest": 1876.7133,
   "basis": -9.711685843949564e-06
  },
  "ETH": {
   "close": 1929.24,
   "funding_rate": 7e-06,
   "open_interest": 45029.3122,
   "basis": 7.486730415744946e-05
  },
  "SOL": {
   "close": 78.39,
   "funding_rate": 6e-06,
   "open_interest": 225390.676,
   "basis": 0.00022241992882560108
  },
  "XRP": {
   "close": 1.1305,
   "funding_rate": 6e-06,
   "open_interest": 4886539.0,
   "basis": 4.403734366752291e-05
  },
  "DOGE": {
   "close": 0.07292,
   "funding_rate": 2e-05,
   "open_interest": 30647174.0,
   "basis": 0.0005469711472719591
  },
  "ADA": {
   "close": 0.1757,
   "funding_rate": 2e-06,
   "open_interest": 2457423.0,
   "basis": 0.0
  },
  "AVAX": {
   "close": 6.65,
   "funding_rate": 2e-06,
   "open_interest": 58329.011,
   "basis": -0.0007485029940119602
  },
  "LINK": {
   "close": 8.723,
   "funding_rate": 1.1e-05,
   "open_interest": 92909.52,
   "basis": 0.0004589261128959771
  },
  "DOT": {
   "close": 0.846,
   "funding_rate": 1.8e-05,
   "open_interest": 377086.7,
   "basis": 0.0
  },
  "LTC": {
   "close": 47.38,
   "funding_rate": 3e-06,
   "open_interest": 14506.75,
   "basis": -0.00031598904571309393
  },
  "BCH": {
   "close": 224,
   "funding_rate": 6e-06,
   "open_interest": 4370.166,
   "basis": 0.0
  },
  "NEAR": {
   "close": 2.041,
   "funding_rate": 1e-05,
   "open_interest": 475828.7,
   "basis": 0.00026737967914440954
  },
  "ATOM": {
   "close": 1.503,
   "funding_rate": 1.2e-05,
   "open_interest": 26492.7,
   "basis": -0.0006626905235254406
  },
  "UNI": {
   "close": 3.698,
   "funding_rate": 2.2e-05,
   "open_interest": 159608.51,
   "basis": 0.0001350621285791915
  },
  "APT": {
   "close": 0.6141,
   "funding_rate": 1.8e-05,
   "open_interest": 62814.7,
   "basis": 0.0
  },
  "ARB": {
   "close": 0.0902,
   "funding_rate": 0.0,
   "open_interest": 811280.3,
   "basis": 0.0004434589800443278
  },
  "OP": {
   "close": 0.097,
   "funding_rate": -9e-06,
   "open_interest": 441058.2,
   "basis": -0.007731958762886604
  },
  "SUI": {
   "close": 0.775,
   "funding_rate": 6e-06,
   "open_interest": 931997.6,
   "basis": 6.448284756254127e-05
  },
  "INJ": {
   "close": 5.357,
   "funding_rate": 4e-06,
   "open_interest": 28433.7,
   "basis": -0.0014936519790888737
  },
  "AAVE": {
   "close": 93,
   "funding_rate": -3e-06,
   "open_interest": 8276.14,
   "basis": -0.0006944444444444202
  },
  "ENA": {
   "close": 0.0856,
   "funding_rate": 0.0,
   "open_interest": 3869204.0,
   "basis": -0.00029274004683837524
  },
  "HBAR": {
   "close": 0.06698,
   "funding_rate": 1.4e-05,
   "open_interest": 5906912.0,
   "basis": 0.00029717682020811477
  },
  "ONDO": {
   "close": 0.36322,
   "funding_rate": 2e-06,
   "open_interest": 425946.0,
   "basis": 0.00021877649246595154
  },
  "PAXG": {
   "close": 4053.05
  },
  "PEPE": {
   "close": 2.93e-06,
   "funding_rate": 9e-06,
   "open_interest": 125657198.0,
   "basis": -0.001023890784982923
  },
  "SHIB": {
   "close": 4.29e-06,
   "funding_rate": -2e-05,
   "open_interest": 20034860.0,
   "basis": 0.00023255813953491458
  },
  "XLM": {
   "close": 0.189687,
   "funding_rate": 5e-06,
   "open_interest": 1376632.0,
   "basis": 0.00016266647076727806
  },
  "ZEC": {
   "close": 549.94,
   "funding_rate": 3e-06,
   "open_interest": 1943.4,
   "basis": -0.0004876639092583568
  }
 }
}