{
 "generated_at": 1784780917,
 "assets": {
  "BTC": {
   "close": 65624.51,
   "funding_rate": -1e-06,
   "open_interest": 1904.2907,
   "basis": 8.34436398358707e-05
  },
  "ETH": {
   "close": 1919.53,
   "funding_rate": -3e-06,
   "open_interest": 46356.6554,
   "basis": -2.8583901546682012e-05
  },
  "SOL": {
   "close": 77.58,
   "funding_rate": -8e-06,
   "open_interest": 240467.427,
   "basis": -0.0003152747394156362
  },
  "XRP": {
   "close": 1.1333,
   "funding_rate": 0.0,
   "open_interest": 4816813.0,
   "basis": 0.00013200739241386292
  },
  "DOGE": {
   "close": 0.0723,
   "funding_rate": 7e-06,
   "open_interest": 30686433.0,
   "basis": 0.00013785497656479187
  },
  "ADA": {
   "close": 0.1737,
   "funding_rate": -7e-06,
   "open_interest": 2234654.0,
   "basis": -0.0005707762557076998
  },
  "AVAX": {
   "close": 6.53,
   "funding_rate": -1e-06,
   "open_interest": 57785.915,
   "basis": 0.0003816793893130368
  },
  "LINK": {
   "close": 8.585,
   "funding_rate": 7e-06,
   "open_interest": 91702.95,
   "basis": 0.0
  },
  "DOT": {
   "close": 0.821,
   "funding_rate": 4e-06,
   "open_interest": 290898.3,
   "basis": -0.0006060606060605394
  },
  "LTC": {
   "close": 47.28,
   "funding_rate": -2e-06,
   "open_interest": 13809.95,
   "basis": -0.0005297732570459543
  },
  "BCH": {
   "close": 217.93,
   "funding_rate": 0.0,
   "open_interest": 4011.044,
   "basis": -0.00027509055063959596
  },
  "NEAR": {
   "close": 1.865,
   "funding_rate": 1.2e-05,
   "open_interest": 601729.5,
   "basis": 2.6752273943341634e-05
  },
  "ATOM": {
   "close": 1.45,
   "funding_rate": -4e-06,
   "open_interest": 27770.6,
   "basis": -0.0010316368638239731
  },
  "UNI": {
   "close": 3.786,
   "funding_rate": 0.0,
   "open_interest": 139911.68,
   "basis": 0.0
  },
  "APT": {
   "close": 0.6223,
   "funding_rate": 2.3e-05,
   "open_interest": 67085.9,
   "basis": -0.00064030734752692
  },
  "ARB": {
   "close": 0.0894,
   "funding_rate": 7e-06,
   "open_interest": 1095666.1,
   "basis": -0.0015625000000000137
  },
  "OP": {
   "close": 0.096,
   "funding_rate": 1.5e-05,
   "open_interest": 339010.6,
   "basis": 0.003124999999999945
  },
  "SUI": {
   "close": 0.7625,
   "funding_rate": -2e-06,
   "open_interest": 917886.5,
   "basis": -0.0005879278808465514
  },
  "INJ": {
   "close": 5.109,
   "funding_rate": -1.2e-05,
   "open_interest": 32877.5,
   "basis": -9.782821365676441e-05
  },
  "AAVE": {
   "close": 96.88,
   "funding_rate": 1e-06,
   "open_interest": 6404.56,
   "basis": 5.15145270965944e-05
  },
  "ENA": {
   "close": 0.091,
   "funding_rate": -7e-06,
   "open_interest": 4294722.0,
   "basis": -0.0008752735229758943
  },
  "HBAR": {
   "close": 0.07256,
   "funding_rate": 1.2e-05,
   "open_interest": 5543513.0,
   "basis": 0.00013691128148973167
  },
  "ONDO": {
   "close": 0.4097,
   "funding_rate": 9e-06,
   "open_interest": 570203.0,
   "basis": -0.0005870267097152003
  },
  "PAXG": {
   "close": 4116.35
  },
  "PEPE": {
   "close": 2.84e-06,
   "funding_rate": 4e-06,
   "open_interest": 115555836.0,
   "basis": 0.0014035087719298587
  },
  "SHIB": {
   "close": 4.24e-06,
   "funding_rate": -2.3e-05,
   "open_interest": 19489116.0,
   "basis": -0.0016470588235294261
  },
  "XLM": {
   "close": 0.183988,
   "funding_rate": 3e-06,
   "open_interest": 1339130.0,
   "basis": -2.1686799245321075e-05
  },
  "ZEC": {
   "close": 513.72,
   "funding_rate": 1.1e-05,
   "open_interest": 2172.76,
   "basis": 7.781041492396681e-05
  }
 }
}