{
 "generated_at": 1784758459,
 "assets": {
  "BTC": {
   "close": 66044.16,
   "funding_rate": 1e-06,
   "open_interest": 1941.9446,
   "basis": 1.9399709337774796e-05
  },
  "ETH": {
   "close": 1938.04,
   "funding_rate": -2e-06,
   "open_interest": 45611.6573,
   "basis": -0.00020406054657229003
  },
  "SOL": {
   "close": 78,
   "funding_rate": 0.0,
   "open_interest": 229224.029,
   "basis": -0.00013454638646857384
  },
  "XRP": {
   "close": 1.142,
   "funding_rate": 1e-06,
   "open_interest": 4866225.0,
   "basis": 4.3867345148364206e-05
  },
  "DOGE": {
   "close": 0.07297,
   "funding_rate": 4e-06,
   "open_interest": 30519579.0,
   "basis": 0.00027434842249646424
  },
  "ADA": {
   "close": 0.1751,
   "funding_rate": -2e-06,
   "open_interest": 2157423.0,
   "basis": -0.0008532423208191765
  },
  "AVAX": {
   "close": 6.63,
   "funding_rate": 4e-06,
   "open_interest": 57845.827,
   "basis": 0.000527903469079915
  },
  "LINK": {
   "close": 8.65,
   "funding_rate": 2.1e-05,
   "open_interest": 92181.15,
   "basis": 0.00011574074074067659
  },
  "DOT": {
   "close": 0.839,
   "funding_rate": -6.8e-05,
   "open_interest": 268688.5,
   "basis": -0.0005959475566149523
  },
  "LTC": {
   "close": 47.53,
   "funding_rate": -5e-06,
   "open_interest": 13825.97,
   "basis": -0.000422654268808181
  },
  "BCH": {
   "close": 219.85,
   "funding_rate": 8e-06,
   "open_interest": 3992.092,
   "basis": -4.547521600736392e-05
  },
  "NEAR": {
   "close": 1.866,
   "funding_rate": 1.2e-05,
   "open_interest": 597432.5,
   "basis": 0.00034852546916892195
  },
  "ATOM": {
   "close": 1.469,
   "funding_rate": 6e-06,
   "open_interest": 27337.6,
   "basis": -0.0020435967302451577
  },
  "UNI": {
   "close": 3.817,
   "funding_rate": 0.0,
   "open_interest": 137484.29,
   "basis": -0.0003940110323089196
  },
  "APT": {
   "close": 0.6242,
   "funding_rate": 2.7e-05,
   "open_interest": 66956.1,
   "basis": 8.003841844084279e-05
  },
  "ARB": {
   "close": 0.0905,
   "funding_rate": -8e-06,
   "open_interest": 1098696.9,
   "basis": 0.0006063947078279988
  },
  "OP": {
   "close": 0.098,
   "funding_rate": 1.6e-05,
   "open_interest": 336245.6,
   "basis": -0.0015306122448979322
  },
  "SUI": {
   "close": 0.766,
   "funding_rate": 8e-06,
   "open_interest": 931260.2,
   "basis": 0.0
  },
  "INJ": {
   "close": 5.176,
   "funding_rate": 0.0,
   "open_interest": 41305.9,
   "basis": 0.0
  },
  "AAVE": {
   "close": 97.85,
   "funding_rate": 6e-06,
   "open_interest": 6447.3,
   "basis": 0.0
  },
  "ENA": {
   "close": 0.0911,
   "funding_rate": -2e-06,
   "open_interest": 3976593.0,
   "basis": -0.000492880613362578
  },
  "HBAR": {
   "close": 0.07263,
   "funding_rate": 1.1e-05,
   "open_interest": 5695785.0,
   "basis": 0.0
  },
  "ONDO": {
   "close": 0.4165,
   "funding_rate": 4e-06,
   "open_interest": 584903.0,
   "basis": 0.0006968473663975694
  },
  "PAXG": {
   "close": 4116.7
  },
  "PEPE": {
   "close": 2.89e-06,
   "funding_rate": -1e-06,
   "open_interest": 117710481.0,
   "basis": 0.0003460207612455706
  },
  "SHIB": {
   "close": 4.25e-06,
   "funding_rate": -1.9e-05,
   "open_interest": 19444363.0,
   "basis": 0.0024705882352941393
  },
  "XLM": {
   "close": 0.188379,
   "funding_rate": 8e-06,
   "open_interest": 1271912.0,
   "basis": 0.00011155734047296725
  },
  "ZEC": {
   "close": 513.44,
   "funding_rate": 9e-06,
   "open_interest": 2228.84,
   "basis": 1.948254364088004e-05
  }
 }
}