{
 "generated_at": 1784495054,
 "assets": {
  "BTC": {
   "close": 64488.31,
   "funding_rate": 5e-06,
   "open_interest": 1883.4785,
   "basis": 0.00010465797772878233
  },
  "ETH": {
   "close": 1865.76,
   "funding_rate": 3e-06,
   "open_interest": 43111.9096,
   "basis": 7.771048823623013e-05
  },
  "SOL": {
   "close": 75.82,
   "funding_rate": 5e-06,
   "open_interest": 228732.525,
   "basis": 5.912495072930333e-05
  },
  "XRP": {
   "close": 1.0963,
   "funding_rate": 3e-06,
   "open_interest": 4757463.0,
   "basis": -4.561211457772807e-05
  },
  "DOGE": {
   "close": 0.07238,
   "funding_rate": 7e-06,
   "open_interest": 28400235.0,
   "basis": 0.0
  },
  "ADA": {
   "close": 0.1664,
   "funding_rate": -6e-06,
   "open_interest": 2559653.0,
   "basis": -0.0009025270758121751
  },
  "AVAX": {
   "close": 6.45,
   "funding_rate": -1.5e-05,
   "open_interest": 62020.825,
   "basis": -0.0008540372670808236
  },
  "LINK": {
   "close": 8.361,
   "funding_rate": 6e-06,
   "open_interest": 92110.04,
   "basis": 0.0001792328832596555
  },
  "DOT": {
   "close": 0.817,
   "funding_rate": 1e-06,
   "open_interest": 338296.4,
   "basis": -0.0006119951040391003
  },
  "LTC": {
   "close": 47.56,
   "funding_rate": 6e-06,
   "open_interest": 15552.53,
   "basis": -0.0001051967178624565
  },
  "BCH": {
   "close": 217,
   "funding_rate": 2.4e-05,
   "open_interest": 4793.918,
   "basis": 0.0002996082046554401
  },
  "NEAR": {
   "close": 1.916,
   "funding_rate": 2e-05,
   "open_interest": 502432.5,
   "basis": 0.00044386422976502214
  },
  "ATOM": {
   "close": 1.48,
   "funding_rate": 7e-06,
   "open_interest": 23490.4,
   "basis": -0.0006765899864681257
  },
  "UNI": {
   "close": 3.492,
   "funding_rate": 4e-06,
   "open_interest": 160725.86,
   "basis": -0.0004293073840870225
  },
  "APT": {
   "close": 0.594,
   "funding_rate": 1.9e-05,
   "open_interest": 65888.3,
   "basis": -0.0002525252525252247
  },
  "ARB": {
   "close": 0.0887,
   "funding_rate": 0.0,
   "open_interest": 706549.7,
   "basis": 0.00045095828635849345
  },
  "OP": {
   "close": 0.095,
   "funding_rate": -1.6e-05,
   "open_interest": 415657.7,
   "basis": -0.0042105263157894484
  },
  "SUI": {
   "close": 0.751,
   "funding_rate": 8e-06,
   "open_interest": 890751.5,
   "basis": 6.657789613847469e-05
  },
  "INJ": {
   "close": 5.168,
   "funding_rate": -8e-06,
   "open_interest": 30024.1,
   "basis": -0.0007739938080496222
  },
  "AAVE": {
   "close": 88.98,
   "funding_rate": 2.2e-05,
   "open_interest": 8972.65,
   "basis": 0.00044969083754909544
  },
  "ENA": {
   "close": 0.0803,
   "funding_rate": -1.1e-05,
   "open_interest": 4228483.0,
   "basis": -0.0008094645080945906
  },
  "HBAR": {
   "close": 0.0665,
   "funding_rate": 1.1e-05,
   "open_interest": 5940852.0,
   "basis": 7.514277126547941e-05
  },
  "ONDO": {
   "close": 0.34779,
   "funding_rate": -4e-06,
   "open_interest": 422142.0,
   "basis": 0.00020150843456721453
  },
  "PAXG": {
   "close": 4006.89
  },
  "PEPE": {
   "close": 2.84e-06,
   "funding_rate": 1.3e-05,
   "open_interest": 127369050.0,
   "basis": 0.001584507042253426
  },
  "SHIB": {
   "close": 4.14e-06,
   "funding_rate": -3.4e-05,
   "open_interest": 18209770.0,
   "basis": -0.00012048192771075486
  },
  "XLM": {
   "close": 0.191488,
   "funding_rate": 1.1e-05,
   "open_interest": 1429807.0,
   "basis": 0.00020867569189040482
  },
  "ZEC": {
   "close": 549.58,
   "funding_rate": -5e-06,
   "open_interest": 2071.19,
   "basis": 0.0001271709904802273
  }
 }
}