{
 "generated_at": 1784802819,
 "assets": {
  "BTC": {
   "close": 65607.07,
   "funding_rate": 2e-06,
   "open_interest": 1900.8575,
   "basis": 1.0801955427882233e-05
  },
  "ETH": {
   "close": 1923.19,
   "funding_rate": 1e-06,
   "open_interest": 44366.2883,
   "basis": -2.85237161734987e-05
  },
  "SOL": {
   "close": 77.46,
   "funding_rate": -5e-06,
   "open_interest": 234797.386,
   "basis": 0.0001608337622234025
  },
  "XRP": {
   "close": 1.1322,
   "funding_rate": 1e-06,
   "open_interest": 4795305.0,
   "basis": -4.403734366732735e-05
  },
  "DOGE": {
   "close": 0.07221,
   "funding_rate": 4e-06,
   "open_interest": 29908334.0,
   "basis": -0.0001380262249826932
  },
  "ADA": {
   "close": 0.1732,
   "funding_rate": -1e-06,
   "open_interest": 2165860.0,
   "basis": -0.0005730659025787335
  },
  "AVAX": {
   "close": 6.57,
   "funding_rate": -8e-06,
   "open_interest": 57313.827,
   "basis": -0.0007587253414263875
  },
  "LINK": {
   "close": 8.615,
   "funding_rate": 2e-06,
   "open_interest": 93034.59,
   "basis": 0.00011568718186018577
  },
  "DOT": {
   "close": 0.819,
   "funding_rate": -1.6e-05,
   "open_interest": 299284.3,
   "basis": -0.0006090133982946954
  },
  "LTC": {
   "close": 46.95,
   "funding_rate": -6e-06,
   "open_interest": 13805.24,
   "basis": -0.00032010243277850125
  },
  "BCH": {
   "close": 216.34,
   "funding_rate": 3e-06,
   "open_interest": 4038.319,
   "basis": -0.00039255530411494
  },
  "NEAR": {
   "close": 1.87,
   "funding_rate": 1.4e-05,
   "open_interest": 610411.0,
   "basis": 2.666666666672294e-05
  },
  "ATOM": {
   "close": 1.462,
   "funding_rate": -1e-05,
   "open_interest": 25537.1,
   "basis": -0.0017064846416383404
  },
  "UNI": {
   "close": 3.85,
   "funding_rate": -1e-06,
   "open_interest": 140650.05,
   "basis": -0.00012966804979245926
  },
  "APT": {
   "close": 0.6194,
   "funding_rate": 6e-06,
   "open_interest": 65907.6,
   "basis": -0.00048324742268035915
  },
  "ARB": {
   "close": 0.0887,
   "funding_rate": -1e-06,
   "open_interest": 1095666.1,
   "basis": -0.00022497187851525446
  },
  "OP": {
   "close": 0.096,
   "funding_rate": 1.1e-05,
   "open_interest": 332035.1,
   "basis": -0.009278350515463897
  },
  "SUI": {
   "close": 0.7693,
   "funding_rate": -1e-06,
   "open_interest": 893992.8,
   "basis": -0.00038920601971987283
  },
  "INJ": {
   "close": 5.169,
   "funding_rate": -1e-06,
   "open_interest": 33659.3,
   "basis": 0.0
  },
  "AAVE": {
   "close": 97.24,
   "funding_rate": -1.4e-05,
   "open_interest": 6565.23,
   "basis": -0.0005615683071267369
  },
  "ENA": {
   "close": 0.0913,
   "funding_rate": -1.3e-05,
   "open_interest": 4162119.0,
   "basis": -0.0004907306434024359
  },
  "HBAR": {
   "close": 0.07388,
   "funding_rate": 1.3e-05,
   "open_interest": 5576386.0,
   "basis": 0.00034004352557123567
  },
  "ONDO": {
   "close": 0.40368,
   "funding_rate": 1e-05,
   "open_interest": 569183.0,
   "basis": 0.0004679111461360969
  },
  "PAXG": {
   "close": 4082.52
  },
  "PEPE": {
   "close": 2.84e-06,
   "funding_rate": -8e-06,
   "open_interest": 124058095.0,
   "basis": -0.0019230769230770266
  },
  "SHIB": {
   "close": 4.23e-06,
   "funding_rate": -2.6e-05,
   "open_interest": 19504116.0,
   "basis": 0.0
  },
  "XLM": {
   "close": 0.184573,
   "funding_rate": 1e-06,
   "open_interest": 1342797.0,
   "basis": -0.0002162162162161324
  },
  "ZEC": {
   "close": 515.54,
   "funding_rate": 1.5e-05,
   "open_interest": 2232.65,
   "basis": 0.00033979262941258244
  }
 }
}