{
 "generated_at": 1784875008,
 "assets": {
  "BTC": {
   "close": 65268.43,
   "funding_rate": 1e-06,
   "open_interest": 1745.7226,
   "basis": 6.067554964855389e-05
  },
  "ETH": {
   "close": 1879.28,
   "funding_rate": 1e-06,
   "open_interest": 43234.3551,
   "basis": -3.4468678576949774e-05
  },
  "SOL": {
   "close": 75.73,
   "funding_rate": 1e-06,
   "open_interest": 252799.306,
   "basis": -6.588483331168631e-06
  },
  "XRP": {
   "close": 1.1091,
   "funding_rate": 2e-06,
   "open_interest": 4633078.0,
   "basis": -0.00013477088948795553
  },
  "DOGE": {
   "close": 0.06917,
   "funding_rate": 1e-06,
   "open_interest": 29168554.0,
   "basis": 0.0
  },
  "ADA": {
   "close": 0.1666,
   "funding_rate": -1.2e-05,
   "open_interest": 2235265.0,
   "basis": -0.000598802395209681
  },
  "AVAX": {
   "close": 6.24,
   "funding_rate": -1.6e-05,
   "open_interest": 63234.022,
   "basis": -0.0007961783439490276
  },
  "LINK": {
   "close": 8.436,
   "funding_rate": 1.6e-05,
   "open_interest": 91092.06,
   "basis": 0.00029495044832462275
  },
  "DOT": {
   "close": 0.81,
   "funding_rate": -0.000129,
   "open_interest": 274342.4,
   "basis": -0.0006150061500614329
  },
  "LTC": {
   "close": 46.68,
   "funding_rate": -7e-06,
   "open_interest": 13824.42,
   "basis": -0.000638841567291336
  },
  "BCH": {
   "close": 211.16,
   "funding_rate": 1.2e-05,
   "open_interest": 3773.328,
   "basis": 0.0011565332326284202
  },
  "NEAR": {
   "close": 1.899,
   "funding_rate": 1.5e-05,
   "open_interest": 565268.5,
   "basis": 0.0006292606187728724
  },
  "ATOM": {
   "close": 1.42,
   "funding_rate": 1.2e-05,
   "open_interest": 29798.4,
   "basis": -0.0010563380281688978
  },
  "UNI": {
   "close": 3.83,
   "funding_rate": -1e-05,
   "open_interest": 143862.04,
   "basis": -0.0005201560468141024
  },
  "APT": {
   "close": 0.6208,
   "funding_rate": 1.9e-05,
   "open_interest": 56541.4,
   "basis": 0.00016041065126740458
  },
  "ARB": {
   "close": 0.0854,
   "funding_rate": -5e-06,
   "open_interest": 1070972.8,
   "basis": 0.0006395348837210858
  },
  "OP": {
   "close": 0.094,
   "funding_rate": -1e-05,
   "open_interest": 381318.8,
   "basis": -0.006842105263157872
  },
  "SUI": {
   "close": 0.7426,
   "funding_rate": -2e-06,
   "open_interest": 887464.3,
   "basis": -0.0006059789927283348
  },
  "INJ": {
   "close": 5.405,
   "funding_rate": -3.1e-05,
   "open_interest": 29507.7,
   "basis": 0.0018532246108227922
  },
  "AAVE": {
   "close": 95.64,
   "funding_rate": 3e-06,
   "open_interest": 5775.46,
   "basis": -0.00015573089700982514
  },
  "ENA": {
   "close": 0.0895,
   "funding_rate": -1.5e-05,
   "open_interest": 4572584.0,
   "basis": -0.0007166482910695645
  },
  "HBAR": {
   "close": 0.07125,
   "funding_rate": 8e-06,
   "open_interest": 6034346.0,
   "basis": 0.0
  },
  "ONDO": {
   "close": 0.4027,
   "funding_rate": 7e-06,
   "open_interest": 529569.0,
   "basis": 0.00039668765805536026
  },
  "PAXG": {
   "close": 4020
  },
  "PEPE": {
   "close": 2.77e-06,
   "funding_rate": 3e-06,
   "open_interest": 130247327.0,
   "basis": 0.0025179856115108137
  },
  "SHIB": {
   "close": 4.16e-06,
   "funding_rate": -4.4e-05,
   "open_interest": 21236019.0,
   "basis": -0.00023980815347725005
  },
  "XLM": {
   "close": 0.18449,
   "funding_rate": 2e-06,
   "open_interest": 1371736.0,
   "basis": -0.00028757772737630086
  },
  "ZEC": {
   "close": 508.2,
   "funding_rate": 5e-06,
   "open_interest": 2214.89,
   "basis": -6.86826664572856e-05
  }
 }
}