{
 "generated_at": 1784535381,
 "assets": {
  "BTC": {
   "close": 64214.24,
   "funding_rate": 5e-06,
   "open_interest": 1907.3958,
   "basis": -1.9762224647583496e-05
  },
  "ETH": {
   "close": 1862.38,
   "funding_rate": 1e-06,
   "open_interest": 45189.8831,
   "basis": -1.877239278286341e-05
  },
  "SOL": {
   "close": 76.15,
   "funding_rate": 1e-06,
   "open_interest": 226564.634,
   "basis": -6.55307994760665e-06
  },
  "XRP": {
   "close": 1.0893,
   "funding_rate": 5e-06,
   "open_interest": 4761695.0,
   "basis": 4.586314437707161e-05
  },
  "DOGE": {
   "close": 0.07179,
   "funding_rate": 1e-05,
   "open_interest": 28436983.0,
   "basis": 6.961849067119188e-05
  },
  "ADA": {
   "close": 0.1624,
   "funding_rate": -5e-06,
   "open_interest": 2715493.0,
   "basis": -0.0003071253071252733
  },
  "AVAX": {
   "close": 6.54,
   "funding_rate": -3e-06,
   "open_interest": 63153.591,
   "basis": 0.00015267175572524183
  },
  "LINK": {
   "close": 8.352,
   "funding_rate": -3e-06,
   "open_interest": 92560.23,
   "basis": 0.0002988643156006578
  },
  "DOT": {
   "close": 0.807,
   "funding_rate": -2.4e-05,
   "open_interest": 339324.3,
   "basis": 0.0006211180124222919
  },
  "LTC": {
   "close": 46.96,
   "funding_rate": 5e-06,
   "open_interest": 14912.2,
   "basis": 0.00010654165778824969
  },
  "BCH": {
   "close": 212.21,
   "funding_rate": 2.3e-05,
   "open_interest": 4561.722,
   "basis": 0.0008246936852026926
  },
  "NEAR": {
   "close": 1.924,
   "funding_rate": 1e-05,
   "open_interest": 515421.3,
   "basis": 0.0008826583592938914
  },
  "ATOM": {
   "close": 1.463,
   "funding_rate": -1e-05,
   "open_interest": 31087.6,
   "basis": 0.0
  },
  "UNI": {
   "close": 3.442,
   "funding_rate": 1e-05,
   "open_interest": 164370.3,
   "basis": -0.00014492753623193244
  },
  "APT": {
   "close": 0.5889,
   "funding_rate": 7e-06,
   "open_interest": 64067.8,
   "basis": -0.0002548853016142455
  },
  "ARB": {
   "close": 0.0867,
   "funding_rate": 5e-06,
   "open_interest": 827755.8,
   "basis": -0.002595155709342595
  },
  "OP": {
   "close": 0.093,
   "funding_rate": -8e-06,
   "open_interest": 421935.0,
   "basis": -0.00585106382978718
  },
  "SUI": {
   "close": 0.7465,
   "funding_rate": 5e-06,
   "open_interest": 895212.0,
   "basis": 0.0003340459647248577
  },
  "INJ": {
   "close": 5.13,
   "funding_rate": -2e-06,
   "open_interest": 32394.2,
   "basis": 0.0
  },
  "AAVE": {
   "close": 90.22,
   "funding_rate": 2e-05,
   "open_interest": 7843.97,
   "basis": 0.0009418282548475761
  },
  "ENA": {
   "close": 0.0796,
   "funding_rate": -6e-06,
   "open_interest": 4249503.0,
   "basis": 0.000188679245283033
  },
  "HBAR": {
   "close": 0.0657,
   "funding_rate": 8e-06,
   "open_interest": 6036647.0,
   "basis": 0.0003804017041995929
  },
  "ONDO": {
   "close": 0.34242,
   "funding_rate": -1e-05,
   "open_interest": 389622.0,
   "basis": -0.00011663847903435003
  },
  "PAXG": {
   "close": 4015.47
  },
  "PEPE": {
   "close": 2.82e-06,
   "funding_rate": 1.2e-05,
   "open_interest": 106451859.0,
   "basis": 0.0014184397163120913
  },
  "SHIB": {
   "close": 4.17e-06,
   "funding_rate": -5.1e-05,
   "open_interest": 19257146.0,
   "basis": -0.0014319809069212241
  },
  "XLM": {
   "close": 0.185387,
   "funding_rate": 4e-06,
   "open_interest": 1439881.0,
   "basis": -0.00012929362582437615
  },
  "ZEC": {
   "close": 531.43,
   "funding_rate": 8e-06,
   "open_interest": 1950.6,
   "basis": 0.00029296136690098415
  }
 }
}