{
 "generated_at": 1784506092,
 "assets": {
  "BTC": {
   "close": 64681.78,
   "funding_rate": 5e-06,
   "open_interest": 1894.3764,
   "basis": 0.00015009118966262627
  },
  "ETH": {
   "close": 1870.89,
   "funding_rate": 1e-06,
   "open_interest": 43649.2463,
   "basis": -3.466001194428121e-05
  },
  "SOL": {
   "close": 76.33,
   "funding_rate": 5e-06,
   "open_interest": 224343.025,
   "basis": -0.00021548909494571662
  },
  "XRP": {
   "close": 1.097,
   "funding_rate": 4e-06,
   "open_interest": 4714972.0,
   "basis": -4.5512470416990274e-05
  },
  "DOGE": {
   "close": 0.0723,
   "funding_rate": 7e-06,
   "open_interest": 28492142.0,
   "basis": 0.0
  },
  "ADA": {
   "close": 0.1658,
   "funding_rate": -1e-06,
   "open_interest": 2516323.0,
   "basis": 0.0
  },
  "AVAX": {
   "close": 6.45,
   "funding_rate": -1.2e-05,
   "open_interest": 63345.827,
   "basis": 0.0006933744221880077
  },
  "LINK": {
   "close": 8.379,
   "funding_rate": 8e-06,
   "open_interest": 92868.89,
   "basis": 0.00017833789085721757
  },
  "DOT": {
   "close": 0.819,
   "funding_rate": 2e-06,
   "open_interest": 336635.0,
   "basis": 0.0
  },
  "LTC": {
   "close": 47.03,
   "funding_rate": 4e-06,
   "open_interest": 15145.29,
   "basis": -0.0003184037359371804
  },
  "BCH": {
   "close": 214.8,
   "funding_rate": 2.4e-05,
   "open_interest": 4763.008,
   "basis": 0.0007456426507596075
  },
  "NEAR": {
   "close": 1.914,
   "funding_rate": 1.5e-05,
   "open_interest": 500749.1,
   "basis": 0.00033783783783785835
  },
  "ATOM": {
   "close": 1.475,
   "funding_rate": -5e-06,
   "open_interest": 23036.6,
   "basis": -0.0016903313049358814
  },
  "UNI": {
   "close": 3.514,
   "funding_rate": 5e-06,
   "open_interest": 159790.59,
   "basis": 0.00028312570781423833
  },
  "APT": {
   "close": 0.5943,
   "funding_rate": 2.8e-05,
   "open_interest": 65781.7,
   "basis": 0.001005193499748777
  },
  "ARB": {
   "close": 0.089,
   "funding_rate": 2.8e-05,
   "open_interest": 706349.2,
   "basis": 0.001452513966480504
  },
  "OP": {
   "close": 0.095,
   "funding_rate": -1.1e-05,
   "open_interest": 463451.5,
   "basis": -0.007812500000000007
  },
  "SUI": {
   "close": 0.7487,
   "funding_rate": 1e-05,
   "open_interest": 895866.7,
   "basis": 0.0
  },
  "INJ": {
   "close": 5.103,
   "funding_rate": -3e-06,
   "open_interest": 31453.4,
   "basis": -0.00048543689320395937
  },
  "AAVE": {
   "close": 89.45,
   "funding_rate": 1.6e-05,
   "open_interest": 8148.74,
   "basis": 0.00038953811908748806
  },
  "ENA": {
   "close": 0.0797,
   "funding_rate": 0.0,
   "open_interest": 4205645.0,
   "basis": 0.0009987515605492726
  },
  "HBAR": {
   "close": 0.06649,
   "funding_rate": 9e-06,
   "open_interest": 6101786.0,
   "basis": -7.513148009002439e-05
  },
  "ONDO": {
   "close": 0.34537,
   "funding_rate": 0.0,
   "open_interest": 422460.0,
   "basis": -0.00031740535549399523
  },
  "PAXG": {
   "close": 3987.87
  },
  "PEPE": {
   "close": 2.83e-06,
   "funding_rate": 1.3e-05,
   "open_interest": 134012602.0,
   "basis": 0.0014084507042253862
  },
  "SHIB": {
   "close": 4.15e-06,
   "funding_rate": -3.5e-05,
   "open_interest": 18320368.0,
   "basis": 0.00012048192771075486
  },
  "XLM": {
   "close": 0.188067,
   "funding_rate": 1.8e-05,
   "open_interest": 1415378.0,
   "basis": 0.0004559939342202384
  },
  "ZEC": {
   "close": 547.83,
   "funding_rate": 0.0,
   "open_interest": 2004.03,
   "basis": -8.201202843096911e-05
  }
 }
}