{
 "generated_at": 1784721674,
 "assets": {
  "BTC": {
   "close": 66006.69,
   "funding_rate": 4e-06,
   "open_interest": 1944.419,
   "basis": 3.7904143453537476e-05
  },
  "ETH": {
   "close": 1929.42,
   "funding_rate": 1e-06,
   "open_interest": 45868.3293,
   "basis": -0.00015322685365540723
  },
  "SOL": {
   "close": 77.62,
   "funding_rate": 4e-06,
   "open_interest": 226234.721,
   "basis": -4.5184611412190685e-05
  },
  "XRP": {
   "close": 1.1382,
   "funding_rate": 8e-06,
   "open_interest": 5052516.0,
   "basis": 0.00021978021978029318
  },
  "DOGE": {
   "close": 0.07266,
   "funding_rate": 1e-05,
   "open_interest": 31292496.0,
   "basis": 0.0
  },
  "ADA": {
   "close": 0.1734,
   "funding_rate": -4e-06,
   "open_interest": 2312167.0,
   "basis": -0.0005783689994215673
  },
  "AVAX": {
   "close": 6.52,
   "funding_rate": -7e-06,
   "open_interest": 59056.941,
   "basis": -0.001228878648233488
  },
  "LINK": {
   "close": 8.657,
   "funding_rate": 2.5e-05,
   "open_interest": 93669.27,
   "basis": 0.0
  },
  "DOT": {
   "close": 0.84,
   "funding_rate": 8e-06,
   "open_interest": 274156.1,
   "basis": -0.0011947431302270022
  },
  "LTC": {
   "close": 46.55,
   "funding_rate": -8e-06,
   "open_interest": 14012.08,
   "basis": -0.0003223726627982069
  },
  "BCH": {
   "close": 221.94,
   "funding_rate": 2e-06,
   "open_interest": 4163.876,
   "basis": 4.521613311625477e-05
  },
  "NEAR": {
   "close": 1.889,
   "funding_rate": 1.4e-05,
   "open_interest": 572628.4,
   "basis": 0.00021208907741260765
  },
  "ATOM": {
   "close": 1.463,
   "funding_rate": -2e-05,
   "open_interest": 26185.2,
   "basis": -0.0010231923601637495
  },
  "UNI": {
   "close": 3.762,
   "funding_rate": 6e-06,
   "open_interest": 138559.82,
   "basis": -0.0002649708532061181
  },
  "APT": {
   "close": 0.6038,
   "funding_rate": 1e-05,
   "open_interest": 68631.9,
   "basis": -0.000331235508446469
  },
  "ARB": {
   "close": 0.0898,
   "funding_rate": 7e-06,
   "open_interest": 1065839.8,
   "basis": -0.0015100671140939178
  },
  "OP": {
   "close": 0.097,
   "funding_rate": 6e-06,
   "open_interest": 326674.4,
   "basis": -0.00463917525773202
  },
  "SUI": {
   "close": 0.7612,
   "funding_rate": 5e-06,
   "open_interest": 888528.6,
   "basis": -6.5867474641015e-05
  },
  "INJ": {
   "close": 5.245,
   "funding_rate": 1e-06,
   "open_interest": 31893.8,
   "basis": -0.0005740528128588048
  },
  "AAVE": {
   "close": 95.98,
   "funding_rate": 7e-06,
   "open_interest": 6227.56,
   "basis": -0.00010426441455521744
  },
  "ENA": {
   "close": 0.0883,
   "funding_rate": -6e-06,
   "open_interest": 4503496.0,
   "basis": 5.643340857793455e-05
  },
  "HBAR": {
   "close": 0.07143,
   "funding_rate": 1.1e-05,
   "open_interest": 6327065.0,
   "basis": 0.00021020179372179435
  },
  "ONDO": {
   "close": 0.41064,
   "funding_rate": 5e-06,
   "open_interest": 583632.0,
   "basis": -0.0003431456653350057
  },
  "PAXG": {
   "close": 4107.81
  },
  "PEPE": {
   "close": 2.85e-06,
   "funding_rate": 2e-06,
   "open_interest": 118729736.0,
   "basis": 0.0
  },
  "SHIB": {
   "close": 4.26e-06,
   "funding_rate": -1.7e-05,
   "open_interest": 19667961.0,
   "basis": 0.0002358490566038049
  },
  "XLM": {
   "close": 0.190167,
   "funding_rate": 1e-05,
   "open_interest": 1337197.0,
   "basis": 9.5053520412692e-05
  },
  "ZEC": {
   "close": 515.47,
   "funding_rate": 1.6e-05,
   "open_interest": 2252.31,
   "basis": 5.851603339331826e-05
  }
 }
}