{
 "generated_at": 1784712954,
 "assets": {
  "BTC": {
   "close": 65940.48,
   "funding_rate": 3e-06,
   "open_interest": 1942.2211,
   "basis": 0.0001527633539239556
  },
  "ETH": {
   "close": 1919.8,
   "funding_rate": -1e-06,
   "open_interest": 46012.2096,
   "basis": 7.551218089592953e-05
  },
  "SOL": {
   "close": 77.38,
   "funding_rate": 1e-06,
   "open_interest": 225701.34,
   "basis": -6.4683053040412346e-06
  },
  "XRP": {
   "close": 1.1342,
   "funding_rate": 1e-05,
   "open_interest": 5036752.0,
   "basis": 0.00013232180663381662
  },
  "DOGE": {
   "close": 0.07246,
   "funding_rate": 1e-05,
   "open_interest": 30718466.0,
   "basis": 0.00020715370805138964
  },
  "ADA": {
   "close": 0.1725,
   "funding_rate": -5e-06,
   "open_interest": 2190000.0,
   "basis": -0.0005783689994215673
  },
  "AVAX": {
   "close": 6.51,
   "funding_rate": -7e-06,
   "open_interest": 58005.8,
   "basis": -0.000154083204930714
  },
  "LINK": {
   "close": 8.608,
   "funding_rate": 1.6e-05,
   "open_interest": 91611.81,
   "basis": 0.00034867503486751676
  },
  "DOT": {
   "close": 0.842,
   "funding_rate": -6e-06,
   "open_interest": 283635.0,
   "basis": -0.0005973715651134349
  },
  "LTC": {
   "close": 46.42,
   "funding_rate": -6e-06,
   "open_interest": 14112.36,
   "basis": -0.0003231365790607619
  },
  "BCH": {
   "close": 220.74,
   "funding_rate": -7e-06,
   "open_interest": 4107.232,
   "basis": -0.0002944774158474051
  },
  "NEAR": {
   "close": 1.881,
   "funding_rate": 7e-06,
   "open_interest": 574964.6,
   "basis": 0.00037313432835828626
  },
  "ATOM": {
   "close": 1.466,
   "funding_rate": -1.2e-05,
   "open_interest": 26547.0,
   "basis": -0.0023874488403820317
  },
  "UNI": {
   "close": 3.716,
   "funding_rate": 3e-06,
   "open_interest": 143135.62,
   "basis": 0.00013473457289144892
  },
  "APT": {
   "close": 0.6043,
   "funding_rate": 1.5e-05,
   "open_interest": 69017.6,
   "basis": -0.00016592002654718598
  },
  "ARB": {
   "close": 0.0898,
   "funding_rate": 4e-06,
   "open_interest": 1074517.3,
   "basis": 0.0009529147982062975
  },
  "OP": {
   "close": 0.096,
   "funding_rate": 3e-06,
   "open_interest": 311427.9,
   "basis": -0.0010416666666666966
  },
  "SUI": {
   "close": 0.7586,
   "funding_rate": 2e-06,
   "open_interest": 882829.4,
   "basis": 0.00013190871916632236
  },
  "INJ": {
   "close": 5.246,
   "funding_rate": -7e-06,
   "open_interest": 41577.1,
   "basis": -9.500285008544992e-05
  },
  "AAVE": {
   "close": 96.26,
   "funding_rate": 5e-06,
   "open_interest": 6263.73,
   "basis": 0.0
  },
  "ENA": {
   "close": 0.0882,
   "funding_rate": -4e-06,
   "open_interest": 4408645.0,
   "basis": 5.7012542759464084e-05
  },
  "HBAR": {
   "close": 0.07133,
   "funding_rate": 7e-06,
   "open_interest": 6316119.0,
   "basis": 0.00028145229383628095
  },
  "ONDO": {
   "close": 0.40256,
   "funding_rate": 1.7e-05,
   "open_interest": 548606.0,
   "basis": 0.0
  },
  "PAXG": {
   "close": 4109.43
  },
  "PEPE": {
   "close": 2.83e-06,
   "funding_rate": 0.0,
   "open_interest": 114639458.0,
   "basis": 0.0003521126760563848
  },
  "SHIB": {
   "close": 4.24e-06,
   "funding_rate": -1e-05,
   "open_interest": 19687498.0,
   "basis": 0.0005910165484633329
  },
  "XLM": {
   "close": 0.18966,
   "funding_rate": 0.0,
   "open_interest": 1330995.0,
   "basis": 0.00016888504206295318
  },
  "ZEC": {
   "close": 516.3,
   "funding_rate": 1.3e-05,
   "open_interest": 2287.05,
   "basis": 0.00014581227156064194
  }
 }
}