{
 "generated_at": 1784744403,
 "assets": {
  "BTC": {
   "close": 65993.8,
   "funding_rate": 1e-06,
   "open_interest": 1924.1713,
   "basis": 2.6979724433927275e-05
  },
  "ETH": {
   "close": 1937.42,
   "funding_rate": 2e-06,
   "open_interest": 45745.4631,
   "basis": 0.00028661433588093177
  },
  "SOL": {
   "close": 78.19,
   "funding_rate": 5e-06,
   "open_interest": 229594.644,
   "basis": 0.00026268580215272177
  },
  "XRP": {
   "close": 1.1473,
   "funding_rate": 7e-06,
   "open_interest": 5009037.0,
   "basis": 0.00021822625698331312
  },
  "DOGE": {
   "close": 0.07315,
   "funding_rate": 9e-06,
   "open_interest": 30817473.0,
   "basis": 0.0
  },
  "ADA": {
   "close": 0.1779,
   "funding_rate": 0.0,
   "open_interest": 2271831.0,
   "basis": -0.0005636978579480778
  },
  "AVAX": {
   "close": 6.6,
   "funding_rate": 4e-06,
   "open_interest": 58647.413,
   "basis": 0.0009077155824507321
  },
  "LINK": {
   "close": 8.64,
   "funding_rate": 2.9e-05,
   "open_interest": 91489.98,
   "basis": 0.0
  },
  "DOT": {
   "close": 0.844,
   "funding_rate": -9.4e-05,
   "open_interest": 269301.3,
   "basis": 0.00059382422802857
  },
  "LTC": {
   "close": 47.05,
   "funding_rate": -7e-06,
   "open_interest": 13866.81,
   "basis": -0.00010617965597796894
  },
  "BCH": {
   "close": 220.43,
   "funding_rate": 3e-06,
   "open_interest": 4039.624,
   "basis": -6.807969863393446e-05
  },
  "NEAR": {
   "close": 1.879,
   "funding_rate": 6e-06,
   "open_interest": 582539.3,
   "basis": 5.319148936181438e-05
  },
  "ATOM": {
   "close": 1.468,
   "funding_rate": -8e-06,
   "open_interest": 26765.5,
   "basis": -0.0017029972752043235
  },
  "UNI": {
   "close": 3.797,
   "funding_rate": -2e-06,
   "open_interest": 136617.93,
   "basis": 0.0001316135825217602
  },
  "APT": {
   "close": 0.6224,
   "funding_rate": 2.5e-05,
   "open_interest": 66826.5,
   "basis": 0.0
  },
  "ARB": {
   "close": 0.0907,
   "funding_rate": 1.1e-05,
   "open_interest": 1090952.7,
   "basis": 0.0005524861878453964
  },
  "OP": {
   "close": 0.099,
   "funding_rate": -2.4e-05,
   "open_interest": 345686.7,
   "basis": -0.007070707070707133
  },
  "SUI": {
   "close": 0.7695,
   "funding_rate": 1.3e-05,
   "open_interest": 919643.8,
   "basis": 0.0002597739966229094
  },
  "INJ": {
   "close": 5.247,
   "funding_rate": -2e-06,
   "open_interest": 42162.8,
   "basis": -0.0001906941266207944
  },
  "AAVE": {
   "close": 97.33,
   "funding_rate": 8e-06,
   "open_interest": 6243.11,
   "basis": -5.114043162519641e-05
  },
  "ENA": {
   "close": 0.0912,
   "funding_rate": -6e-06,
   "open_interest": 4145147.0,
   "basis": 0.00027352297593009986
  },
  "HBAR": {
   "close": 0.07233,
   "funding_rate": 1e-05,
   "open_interest": 5724201.0,
   "basis": 0.0006273525721455928
  },
  "ONDO": {
   "close": 0.40967,
   "funding_rate": 3e-06,
   "open_interest": 567606.0,
   "basis": 0.0003418302568610924
  },
  "PAXG": {
   "close": 4130
  },
  "PEPE": {
   "close": 2.89e-06,
   "funding_rate": 3e-06,
   "open_interest": 119360332.0,
   "basis": 0.001388888888888772
  },
  "SHIB": {
   "close": 4.26e-06,
   "funding_rate": -1.5e-05,
   "open_interest": 19454225.0,
   "basis": 0.00035211267605628297
  },
  "XLM": {
   "close": 0.189611,
   "funding_rate": 7e-06,
   "open_interest": 1256020.0,
   "basis": 0.000327188867134968
  },
  "ZEC": {
   "close": 515.7,
   "funding_rate": 1e-05,
   "open_interest": 2395.05,
   "basis": -8.708272859208336e-05
  }
 }
}