{
 "generated_at": 1784902057,
 "assets": {
  "BTC": {
   "close": 64092.49,
   "funding_rate": 3e-06,
   "open_interest": 1745.2592,
   "basis": 0.0001436585299203568
  },
  "ETH": {
   "close": 1856.08,
   "funding_rate": -1e-06,
   "open_interest": 44211.2189,
   "basis": 6.19635438836643e-05
  },
  "SOL": {
   "close": 74.15,
   "funding_rate": -1e-06,
   "open_interest": 240442.561,
   "basis": 0.00011478730587438155
  },
  "XRP": {
   "close": 1.092,
   "funding_rate": 4e-06,
   "open_interest": 4679631.0,
   "basis": -4.5816915605134675e-05
  },
  "DOGE": {
   "close": 0.06865,
   "funding_rate": 3e-06,
   "open_interest": 28211040.0,
   "basis": 0.00036427218417597624
  },
  "ADA": {
   "close": 0.1645,
   "funding_rate": -1.1e-05,
   "open_interest": 2338307.0,
   "basis": -0.0003045066991475167
  },
  "AVAX": {
   "close": 6.2,
   "funding_rate": -1.6e-05,
   "open_interest": 63406.053,
   "basis": 0.0004038772213246369
  },
  "LINK": {
   "close": 8.321,
   "funding_rate": 2e-05,
   "open_interest": 95733.22,
   "basis": 0.0002405870323588225
  },
  "DOT": {
   "close": 0.795,
   "funding_rate": -8.2e-05,
   "open_interest": 390426.5,
   "basis": 0.0006289308176099936
  },
  "LTC": {
   "close": 46.17,
   "funding_rate": -3e-06,
   "open_interest": 14112.37,
   "basis": -0.0005414771496642534
  },
  "BCH": {
   "close": 209.17,
   "funding_rate": 2e-06,
   "open_interest": 3676.221,
   "basis": 0.0004063097514340725
  },
  "NEAR": {
   "close": 1.842,
   "funding_rate": 1.6e-05,
   "open_interest": 596882.8,
   "basis": 0.0004069451980466785
  },
  "ATOM": {
   "close": 1.375,
   "funding_rate": 1e-05,
   "open_interest": 25838.7,
   "basis": -0.000725689404934608
  },
  "UNI": {
   "close": 3.777,
   "funding_rate": -5e-06,
   "open_interest": 137314.82,
   "basis": -0.00013203063110634353
  },
  "APT": {
   "close": 0.6035,
   "funding_rate": -1e-06,
   "open_interest": 56544.8,
   "basis": -8.293249295072897e-05
  },
  "ARB": {
   "close": 0.0839,
   "funding_rate": -4e-06,
   "open_interest": 1045665.1,
   "basis": 0.0010765550239235258
  },
  "OP": {
   "close": 0.092,
   "funding_rate": -4e-05,
   "open_interest": 480092.1,
   "basis": -0.003260869565217334
  },
  "SUI": {
   "close": 0.721,
   "funding_rate": -8e-06,
   "open_interest": 935525.2,
   "basis": -0.0002081887578070555
  },
  "INJ": {
   "close": 5.221,
   "funding_rate": -5e-06,
   "open_interest": 35743.5,
   "basis": 0.00028768699654759656
  },
  "AAVE": {
   "close": 94.26,
   "funding_rate": -5e-06,
   "open_interest": 5646.91,
   "basis": -0.00015910055154858474
  },
  "ENA": {
   "close": 0.0861,
   "funding_rate": -2e-05,
   "open_interest": 4454946.0,
   "basis": -0.0005827505827505186
  },
  "HBAR": {
   "close": 0.07056,
   "funding_rate": 7e-06,
   "open_interest": 5875604.0,
   "basis": 0.00021234428086071806
  },
  "ONDO": {
   "close": 0.38959,
   "funding_rate": 1.1e-05,
   "open_interest": 499245.0,
   "basis": 0.0003587352021729847
  },
  "PAXG": {
   "close": 4059.35
  },
  "PEPE": {
   "close": 2.72e-06,
   "funding_rate": -8e-06,
   "open_interest": 142685191.0,
   "basis": 0.0011029411764705752
  },
  "SHIB": {
   "close": 4.11e-06,
   "funding_rate": -3.2e-05,
   "open_interest": 20981265.0,
   "basis": 0.0012165450121654005
  },
  "XLM": {
   "close": 0.180513,
   "funding_rate": -9e-06,
   "open_interest": 1417203.0,
   "basis": -0.0004998611496805276
  },
  "ZEC": {
   "close": 499.68,
   "funding_rate": 6e-06,
   "open_interest": 2248.56,
   "basis": 0.00023160735504402372
  }
 }
}