{
 "generated_at": 1784585454,
 "assets": {
  "BTC": {
   "close": 65241.69,
   "funding_rate": 1e-06,
   "open_interest": 1874.1007,
   "basis": 2.2250457285327062e-05
  },
  "ETH": {
   "close": 1901.05,
   "funding_rate": 1e-06,
   "open_interest": 44628.318,
   "basis": -5.528352550940778e-05
  },
  "SOL": {
   "close": 77.69,
   "funding_rate": 6e-06,
   "open_interest": 227079.006,
   "basis": 0.00026376737004629963
  },
  "XRP": {
   "close": 1.1145,
   "funding_rate": 9e-06,
   "open_interest": 4813149.0,
   "basis": -4.495594317578269e-05
  },
  "DOGE": {
   "close": 0.07205,
   "funding_rate": 2.1e-05,
   "open_interest": 29083453.0,
   "basis": 0.0005557871335278361
  },
  "ADA": {
   "close": 0.1699,
   "funding_rate": -2e-06,
   "open_interest": 2630939.0,
   "basis": -0.0005885815185402531
  },
  "AVAX": {
   "close": 6.57,
   "funding_rate": 2e-06,
   "open_interest": 57899.967,
   "basis": 0.001293759512937554
  },
  "LINK": {
   "close": 8.564,
   "funding_rate": 9e-06,
   "open_interest": 91649.82,
   "basis": 5.8527449373827826e-05
  },
  "DOT": {
   "close": 0.823,
   "funding_rate": 3.5e-05,
   "open_interest": 482993.4,
   "basis": -0.0006067961165047875
  },
  "LTC": {
   "close": 47.51,
   "funding_rate": 0.0,
   "open_interest": 14879.88,
   "basis": -0.00031585596967783887
  },
  "BCH": {
   "close": 219.95,
   "funding_rate": 1e-06,
   "open_interest": 4330.88,
   "basis": -6.805807622511242e-05
  },
  "NEAR": {
   "close": 1.965,
   "funding_rate": 5e-06,
   "open_interest": 481616.5,
   "basis": 0.0003810975609756242
  },
  "ATOM": {
   "close": 1.497,
   "funding_rate": 5e-06,
   "open_interest": 26592.0,
   "basis": -0.0013386880856760387
  },
  "UNI": {
   "close": 3.61,
   "funding_rate": 1.7e-05,
   "open_interest": 153945.76,
   "basis": 0.0
  },
  "APT": {
   "close": 0.602,
   "funding_rate": 2.4e-05,
   "open_interest": 62902.6,
   "basis": -0.0003322259136212259
  },
  "ARB": {
   "close": 0.0897,
   "funding_rate": 2e-06,
   "open_interest": 776895.4,
   "basis": -0.00016722408026757104
  },
  "OP": {
   "close": 0.094,
   "funding_rate": -4e-06,
   "open_interest": 545727.1,
   "basis": -0.0015957446808510358
  },
  "SUI": {
   "close": 0.7644,
   "funding_rate": 1e-05,
   "open_interest": 920466.9,
   "basis": 0.00032735367290817396
  },
  "INJ": {
   "close": 5.346,
   "funding_rate": -1e-06,
   "open_interest": 27129.6,
   "basis": -0.0004680771391125989
  },
  "AAVE": {
   "close": 89.52,
   "funding_rate": 1.2e-05,
   "open_interest": 7498.13,
   "basis": 0.0004467776164413274
  },
  "ENA": {
   "close": 0.0824,
   "funding_rate": -5e-06,
   "open_interest": 4277335.0,
   "basis": 0.0006082725060828269
  },
  "HBAR": {
   "close": 0.06654,
   "funding_rate": 1.6e-05,
   "open_interest": 5971879.0,
   "basis": 0.00015017269860354408
  },
  "ONDO": {
   "close": 0.35442,
   "funding_rate": -1e-06,
   "open_interest": 365676.0,
   "basis": -0.00022549185410668298
  },
  "PAXG": {
   "close": 4001.95
  },
  "PEPE": {
   "close": 2.92e-06,
   "funding_rate": 1.3e-05,
   "open_interest": 120157477.0,
   "basis": 0.0027491408934708574
  },
  "SHIB": {
   "close": 4.22e-06,
   "funding_rate": -1.6e-05,
   "open_interest": 18409972.0,
   "basis": 0.0010638297872340812
  },
  "XLM": {
   "close": 0.18859,
   "funding_rate": 1.9e-05,
   "open_interest": 1384469.0,
   "basis": 0.00026029078198784334
  },
  "ZEC": {
   "close": 546.77,
   "funding_rate": -7e-06,
   "open_interest": 1961.02,
   "basis": -0.00010950903449524627
  }
 }
}