{
 "generated_at": 1784557858,
 "assets": {
  "BTC": {
   "close": 64278.4,
   "funding_rate": 7e-06,
   "open_interest": 1822.7723,
   "basis": 0.00038724076597627146
  },
  "ETH": {
   "close": 1860.67,
   "funding_rate": 4e-06,
   "open_interest": 44599.253,
   "basis": 6.698318454135273e-05
  },
  "SOL": {
   "close": 76.21,
   "funding_rate": 5e-06,
   "open_interest": 225488.339,
   "basis": -1.966955153431894e-05
  },
  "XRP": {
   "close": 1.0901,
   "funding_rate": 8e-06,
   "open_interest": 4714960.0,
   "basis": 0.00013727464079810972
  },
  "DOGE": {
   "close": 0.07198,
   "funding_rate": 1.2e-05,
   "open_interest": 28401294.0,
   "basis": -0.00013835085777526458
  },
  "ADA": {
   "close": 0.1627,
   "funding_rate": 2e-06,
   "open_interest": 2827066.0,
   "basis": -0.0006142506142505466
  },
  "AVAX": {
   "close": 6.53,
   "funding_rate": -1e-06,
   "open_interest": 63616.463,
   "basis": -0.0004594180704441215
  },
  "LINK": {
   "close": 8.357,
   "funding_rate": 1.2e-05,
   "open_interest": 104147.73,
   "basis": 0.0001792328832596555
  },
  "DOT": {
   "close": 0.812,
   "funding_rate": 3e-05,
   "open_interest": 444293.3,
   "basis": -0.0006142506142505467
  },
  "LTC": {
   "close": 46.65,
   "funding_rate": 7e-06,
   "open_interest": 15068.24,
   "basis": 0.0
  },
  "BCH": {
   "close": 214.33,
   "funding_rate": 2.4e-05,
   "open_interest": 4488.138,
   "basis": 0.00016226992442856225
  },
  "NEAR": {
   "close": 1.962,
   "funding_rate": 1.5e-05,
   "open_interest": 510546.9,
   "basis": -0.0005811015664476929
  },
  "ATOM": {
   "close": 1.473,
   "funding_rate": -2e-06,
   "open_interest": 25986.4,
   "basis": -0.002366463826910114
  },
  "UNI": {
   "close": 3.478,
   "funding_rate": 5e-06,
   "open_interest": 153306.97,
   "basis": 0.0002865329512893667
  },
  "APT": {
   "close": 0.5853,
   "funding_rate": 1.5e-05,
   "open_interest": 62340.0,
   "basis": -0.00017079419299741928
  },
  "ARB": {
   "close": 0.0883,
   "funding_rate": -7e-06,
   "open_interest": 768327.4,
   "basis": 0.0002802690582959333
  },
  "OP": {
   "close": 0.092,
   "funding_rate": -2.8e-05,
   "open_interest": 406125.7,
   "basis": 0.005434782608695657
  },
  "SUI": {
   "close": 0.7508,
   "funding_rate": 7e-06,
   "open_interest": 925493.5,
   "basis": -0.0005296610169490942
  },
  "INJ": {
   "close": 5.275,
   "funding_rate": 2e-06,
   "open_interest": 31131.9,
   "basis": -0.000851627554882697
  },
  "AAVE": {
   "close": 89.56,
   "funding_rate": 8e-06,
   "open_interest": 7713.51,
   "basis": 0.000559847721419742
  },
  "ENA": {
   "close": 0.0808,
   "funding_rate": -5e-06,
   "open_interest": 4306041.0,
   "basis": -0.0003063725490197441
  },
  "HBAR": {
   "close": 0.06597,
   "funding_rate": 1.3e-05,
   "open_interest": 6122656.0,
   "basis": -0.00022668883179690377
  },
  "ONDO": {
   "close": 0.34641,
   "funding_rate": 3e-06,
   "open_interest": 385348.0,
   "basis": -0.0002018920166127105
  },
  "PAXG": {
   "close": 3996.35
  },
  "PEPE": {
   "close": 2.87e-06,
   "funding_rate": 1.2e-05,
   "open_interest": 117783718.0,
   "basis": -0.0012237762237762345
  },
  "SHIB": {
   "close": 4.19e-06,
   "funding_rate": -5.3e-05,
   "open_interest": 19305509.0,
   "basis": -0.00011933174224355609
  },
  "XLM": {
   "close": 0.186198,
   "funding_rate": 1.2e-05,
   "open_interest": 1410971.0,
   "basis": -0.0001664107877135332
  },
  "ZEC": {
   "close": 528.54,
   "funding_rate": -1e-05,
   "open_interest": 2081.12,
   "basis": -0.00021673577082549771
  }
 }
}