{
 "generated_at": 1784841540,
 "assets": {
  "BTC": {
   "close": 65097.6,
   "funding_rate": 1e-06,
   "open_interest": 1797.234,
   "basis": -6.341625521783591e-05
  },
  "ETH": {
   "close": 1884.46,
   "funding_rate": -2e-06,
   "open_interest": 42750.1438,
   "basis": -2.926154500948941e-05
  },
  "SOL": {
   "close": 76.07,
   "funding_rate": 2e-06,
   "open_interest": 237837.551,
   "basis": -1.9768054823312486e-05
  },
  "XRP": {
   "close": 1.1121,
   "funding_rate": 1e-06,
   "open_interest": 4641612.0,
   "basis": -0.00018016394919374647
  },
  "DOGE": {
   "close": 0.06962,
   "funding_rate": 5e-06,
   "open_interest": 31429275.0,
   "basis": 0.0
  },
  "ADA": {
   "close": 0.1697,
   "funding_rate": -1.2e-05,
   "open_interest": 2066079.0,
   "basis": -0.000888099467140222
  },
  "AVAX": {
   "close": 6.31,
   "funding_rate": -1.6e-05,
   "open_interest": 64671.149,
   "basis": -0.0014285714285713418
  },
  "LINK": {
   "close": 8.503,
   "funding_rate": 2.8e-05,
   "open_interest": 92357.26,
   "basis": 0.0005309108069842371
  },
  "DOT": {
   "close": 0.816,
   "funding_rate": 5e-06,
   "open_interest": 275058.7,
   "basis": -0.002450980392156865
  },
  "LTC": {
   "close": 47.37,
   "funding_rate": -8e-06,
   "open_interest": 13849.73,
   "basis": -0.00031672297297298497
  },
  "BCH": {
   "close": 211.49,
   "funding_rate": -1e-05,
   "open_interest": 3877.737,
   "basis": 9.452242544548528e-05
  },
  "NEAR": {
   "close": 1.886,
   "funding_rate": 2.1e-05,
   "open_interest": 579593.9,
   "basis": 0.000451407328730758
  },
  "ATOM": {
   "close": 1.429,
   "funding_rate": 1.3e-05,
   "open_interest": 25002.4,
   "basis": -0.0017531556802243666
  },
  "UNI": {
   "close": 3.79,
   "funding_rate": 1e-06,
   "open_interest": 133415.32,
   "basis": 0.0
  },
  "APT": {
   "close": 0.6146,
   "funding_rate": 5e-06,
   "open_interest": 56430.0,
   "basis": -0.00040809663728384504
  },
  "ARB": {
   "close": 0.087,
   "funding_rate": -1.1e-05,
   "open_interest": 1131516.2,
   "basis": -0.0004608294930875388
  },
  "OP": {
   "close": 0.094,
   "funding_rate": -2.7e-05,
   "open_interest": 349236.9,
   "basis": -0.003763440860215087
  },
  "SUI": {
   "close": 0.7491,
   "funding_rate": -2e-06,
   "open_interest": 896160.7,
   "basis": -0.0002680246582685312
  },
  "INJ": {
   "close": 5.176,
   "funding_rate": -2e-06,
   "open_interest": 34049.6,
   "basis": 0.00038857586943846507
  },
  "AAVE": {
   "close": 96.16,
   "funding_rate": 0.0,
   "open_interest": 6088.78,
   "basis": 0.0003133486526008057
  },
  "ENA": {
   "close": 0.0894,
   "funding_rate": -1.1e-05,
   "open_interest": 4329084.0,
   "basis": -0.0009550561797753005
  },
  "HBAR": {
   "close": 0.07192,
   "funding_rate": 1.5e-05,
   "open_interest": 5980984.0,
   "basis": 0.0
  },
  "ONDO": {
   "close": 0.40398,
   "funding_rate": 2.7e-05,
   "open_interest": 533699.0,
   "basis": 0.0010224693882639616
  },
  "PAXG": {
   "close": 4044.33
  },
  "PEPE": {
   "close": 2.78e-06,
   "funding_rate": 2e-06,
   "open_interest": 116183510.0,
   "basis": -0.0010791366906474692
  },
  "SHIB": {
   "close": 4.14e-06,
   "funding_rate": -5.2e-05,
   "open_interest": 21455456.0,
   "basis": -0.0009685230024212261
  },
  "XLM": {
   "close": 0.1835,
   "funding_rate": -1e-06,
   "open_interest": 1392897.0,
   "basis": -0.00020246570395126317
  },
  "ZEC": {
   "close": 503.35,
   "funding_rate": 0.0,
   "open_interest": 2358.72,
   "basis": -0.00012927862527098335
  }
 }
}