{
 "generated_at": 1784671836,
 "assets": {
  "BTC": {
   "close": 66346.91,
   "funding_rate": 2e-06,
   "open_interest": 1998.6541,
   "basis": -6.1521730968211e-05
  },
  "ETH": {
   "close": 1923.13,
   "funding_rate": 0.0,
   "open_interest": 45922.923,
   "basis": 9.623487551885965e-05
  },
  "SOL": {
   "close": 78.01,
   "funding_rate": 3e-06,
   "open_interest": 227321.352,
   "basis": 1.922583952841787e-05
  },
  "XRP": {
   "close": 1.1461,
   "funding_rate": 1.3e-05,
   "open_interest": 5028675.0,
   "basis": 4.382505039870582e-05
  },
  "DOGE": {
   "close": 0.07336,
   "funding_rate": 1.9e-05,
   "open_interest": 30897477.0,
   "basis": 0.0002729257641922233
  },
  "ADA": {
   "close": 0.1727,
   "funding_rate": 0.0,
   "open_interest": 2411650.0,
   "basis": -0.0002893518518519806
  },
  "AVAX": {
   "close": 6.56,
   "funding_rate": -3e-06,
   "open_interest": 57329.892,
   "basis": -7.633587786255311e-05
  },
  "LINK": {
   "close": 8.624,
   "funding_rate": 1.3e-05,
   "open_interest": 89654.06,
   "basis": 0.00017405430494314884
  },
  "DOT": {
   "close": 0.851,
   "funding_rate": -8.7e-05,
   "open_interest": 298678.2,
   "basis": 0.0
  },
  "LTC": {
   "close": 46.9,
   "funding_rate": -1e-06,
   "open_interest": 14273.09,
   "basis": -0.0005338458253256156
  },
  "BCH": {
   "close": 223.92,
   "funding_rate": 1.2e-05,
   "open_interest": 4236.326,
   "basis": -0.00015613847251961363
  },
  "NEAR": {
   "close": 1.927,
   "funding_rate": 8e-06,
   "open_interest": 517624.7,
   "basis": 0.00025866528711844023
  },
  "ATOM": {
   "close": 1.484,
   "funding_rate": 1e-05,
   "open_interest": 26813.0,
   "basis": -0.0023569023569023962
  },
  "UNI": {
   "close": 3.704,
   "funding_rate": 3e-06,
   "open_interest": 141787.82,
   "basis": -0.00013469827586211393
  },
  "APT": {
   "close": 0.6139,
   "funding_rate": 2.4e-05,
   "open_interest": 70373.9,
   "basis": -0.0005726439790575286
  },
  "ARB": {
   "close": 0.089,
   "funding_rate": -5e-06,
   "open_interest": 829498.1,
   "basis": -0.001407657657657659
  },
  "OP": {
   "close": 0.098,
   "funding_rate": 4e-06,
   "open_interest": 322380.6,
   "basis": -0.0015306122448979322
  },
  "SUI": {
   "close": 0.7692,
   "funding_rate": 0.0,
   "open_interest": 873023.5,
   "basis": -0.0005205622071837011
  },
  "INJ": {
   "close": 5.318,
   "funding_rate": -4e-06,
   "open_interest": 31370.3,
   "basis": -0.00018754688672157648
  },
  "AAVE": {
   "close": 94.94,
   "funding_rate": 4e-06,
   "open_interest": 6575.92,
   "basis": -0.00021057064645199232
  },
  "ENA": {
   "close": 0.0865,
   "funding_rate": -1e-06,
   "open_interest": 4102077.0,
   "basis": -5.7603686636002305e-05
  },
  "HBAR": {
   "close": 0.06982,
   "funding_rate": 9e-06,
   "open_interest": 7326193.0,
   "basis": -0.00028686173264495297
  },
  "ONDO": {
   "close": 0.39819,
   "funding_rate": 9e-06,
   "open_interest": 573780.0,
   "basis": 0.0
  },
  "PAXG": {
   "close": 4071.51
  },
  "PEPE": {
   "close": 2.87e-06,
   "funding_rate": -1e-06,
   "open_interest": 118577323.0,
   "basis": 0.0017421602787455735
  },
  "SHIB": {
   "close": 4.27e-06,
   "funding_rate": -1.2e-05,
   "open_interest": 19869794.0,
   "basis": 0.0005854800936767911
  },
  "XLM": {
   "close": 0.19272,
   "funding_rate": 2.2e-05,
   "open_interest": 1214797.0,
   "basis": 0.0003278313177777186
  },
  "ZEC": {
   "close": 533.52,
   "funding_rate": 1.5e-05,
   "open_interest": 2185.85,
   "basis": -4.683489761887121e-05
  }
 }
}