{
 "generated_at": 1784885413,
 "assets": {
  "BTC": {
   "close": 65255.44,
   "funding_rate": 1e-06,
   "open_interest": 1766.8297,
   "basis": 0.0001720396852583326
  },
  "ETH": {
   "close": 1886.66,
   "funding_rate": -1e-06,
   "open_interest": 43482.2855,
   "basis": 8.238589553466996e-05
  },
  "SOL": {
   "close": 75.72,
   "funding_rate": -2e-06,
   "open_interest": 252066.337,
   "basis": -7.282838983047988e-05
  },
  "XRP": {
   "close": 1.1112,
   "funding_rate": -1e-06,
   "open_interest": 4646638.0,
   "basis": -4.509379509389025e-05
  },
  "DOGE": {
   "close": 0.06993,
   "funding_rate": 4e-06,
   "open_interest": 30121152.0,
   "basis": 0.00028669724770631085
  },
  "ADA": {
   "close": 0.1679,
   "funding_rate": -1.3e-05,
   "open_interest": 2257099.0,
   "basis": -0.000599880023995135
  },
  "AVAX": {
   "close": 6.26,
   "funding_rate": -1.5e-05,
   "open_interest": 64220.272,
   "basis": -0.0011199999999999476
  },
  "LINK": {
   "close": 8.522,
   "funding_rate": 2.5e-05,
   "open_interest": 93104.49,
   "basis": 0.00029401387745495736
  },
  "DOT": {
   "close": 0.809,
   "funding_rate": -8.2e-05,
   "open_interest": 279134.1,
   "basis": -0.0006203473945410123
  },
  "LTC": {
   "close": 46.82,
   "funding_rate": 0.0,
   "open_interest": 13832.68,
   "basis": -0.0003219575016097997
  },
  "BCH": {
   "close": 211.64,
   "funding_rate": 1.1e-05,
   "open_interest": 3746.045,
   "basis": 4.7346243075568886e-05
  },
  "NEAR": {
   "close": 1.91,
   "funding_rate": 1.4e-05,
   "open_interest": 558597.3,
   "basis": -0.0006046267087276469
  },
  "ATOM": {
   "close": 1.416,
   "funding_rate": 2e-05,
   "open_interest": 29445.9,
   "basis": -0.0010608203677509441
  },
  "UNI": {
   "close": 3.846,
   "funding_rate": -3e-06,
   "open_interest": 137003.42,
   "basis": 0.00013024225058613363
  },
  "APT": {
   "close": 0.6208,
   "funding_rate": 1.7e-05,
   "open_interest": 58234.3,
   "basis": -0.0012141816415736253
  },
  "ARB": {
   "close": 0.0861,
   "funding_rate": 7e-06,
   "open_interest": 993222.9,
   "basis": -0.0005257009345793165
  },
  "OP": {
   "close": 0.095,
   "funding_rate": -5.1e-05,
   "open_interest": 425578.8,
   "basis": -0.002659574468085109
  },
  "SUI": {
   "close": 0.7423,
   "funding_rate": 4e-06,
   "open_interest": 926702.6,
   "basis": -0.00027251669164733336
  },
  "INJ": {
   "close": 5.347,
   "funding_rate": -1.2e-05,
   "open_interest": 30490.0,
   "basis": -0.0004696599661845558
  },
  "AAVE": {
   "close": 95.68,
   "funding_rate": -3e-06,
   "open_interest": 5606.14,
   "basis": 5.224114512600213e-05
  },
  "ENA": {
   "close": 0.0903,
   "funding_rate": -1.5e-05,
   "open_interest": 4358374.0,
   "basis": 0.0012235817575084857
  },
  "HBAR": {
   "close": 0.07068,
   "funding_rate": 7e-06,
   "open_interest": 5955397.0,
   "basis": 0.00035315722559679677
  },
  "ONDO": {
   "close": 0.39637,
   "funding_rate": 7e-06,
   "open_interest": 568381.0,
   "basis": 0.0003303936767733728
  },
  "PAXG": {
   "close": 4049.43
  },
  "PEPE": {
   "close": 2.79e-06,
   "funding_rate": -4e-06,
   "open_interest": 125969390.0,
   "basis": 0.0005395683453238127
  },
  "SHIB": {
   "close": 4.18e-06,
   "funding_rate": -3.6e-05,
   "open_interest": 21143619.0,
   "basis": 0.0023980815347720845
  },
  "XLM": {
   "close": 0.1835,
   "funding_rate": -5e-06,
   "open_interest": 1396323.0,
   "basis": -0.00022970024118533115
  },
  "ZEC": {
   "close": 508.6,
   "funding_rate": 5e-06,
   "open_interest": 2243.5,
   "basis": 2.9676525868011393e-05
  }
 }
}