{
 "generated_at": 1784635077,
 "assets": {
  "BTC": {
   "close": 66148.21,
   "funding_rate": 1e-06,
   "open_interest": 1970.8194,
   "basis": -9.714377686258979e-05
  },
  "ETH": {
   "close": 1932.85,
   "funding_rate": 4e-06,
   "open_interest": 44652.9151,
   "basis": -7.497027041000042e-05
  },
  "SOL": {
   "close": 78.16,
   "funding_rate": 3e-06,
   "open_interest": 227105.647,
   "basis": 1.915464180810818e-05
  },
  "XRP": {
   "close": 1.1307,
   "funding_rate": 1.4e-05,
   "open_interest": 4974655.0,
   "basis": 8.806693086744958e-05
  },
  "DOGE": {
   "close": 0.07339,
   "funding_rate": 2.5e-05,
   "open_interest": 30787077.0,
   "basis": 0.0005433306166802278
  },
  "ADA": {
   "close": 0.1746,
   "funding_rate": 2e-06,
   "open_interest": 2358304.0,
   "basis": -0.0008595988538681002
  },
  "AVAX": {
   "close": 6.62,
   "funding_rate": 7e-06,
   "open_interest": 58988.205,
   "basis": -0.000677710843373386
  },
  "LINK": {
   "close": 8.705,
   "funding_rate": 2.1e-05,
   "open_interest": 91956.35,
   "basis": 0.00017241379310345482
  },
  "DOT": {
   "close": 0.861,
   "funding_rate": 1e-05,
   "open_interest": 300853.6,
   "basis": -0.0005827505827505186
  },
  "LTC": {
   "close": 47.28,
   "funding_rate": 6e-06,
   "open_interest": 14427.77,
   "basis": -0.0003166561114629633
  },
  "BCH": {
   "close": 224.3,
   "funding_rate": 1.8e-05,
   "open_interest": 4279.155,
   "basis": 0.0001554933582122555
  },
  "NEAR": {
   "close": 1.993,
   "funding_rate": 1e-05,
   "open_interest": 494397.1,
   "basis": 0.0006503251625813301
  },
  "ATOM": {
   "close": 1.496,
   "funding_rate": 1e-05,
   "open_interest": 26162.5,
   "basis": -0.0006657789613848948
  },
  "UNI": {
   "close": 3.692,
   "funding_rate": 8e-06,
   "open_interest": 143480.5,
   "basis": 0.00027100271002707046
  },
  "APT": {
   "close": 0.6135,
   "funding_rate": 2.8e-05,
   "open_interest": 63055.5,
   "basis": 0.000162999185004057
  },
  "ARB": {
   "close": 0.0904,
   "funding_rate": -5e-06,
   "open_interest": 869132.9,
   "basis": -0.00022148394241424277
  },
  "OP": {
   "close": 0.097,
   "funding_rate": -2.3e-05,
   "open_interest": 342730.9,
   "basis": -0.002577319587628868
  },
  "SUI": {
   "close": 0.7722,
   "funding_rate": 1e-05,
   "open_interest": 887267.1,
   "basis": -0.00013003901170349674
  },
  "INJ": {
   "close": 5.401,
   "funding_rate": -8e-06,
   "open_interest": 28313.1,
   "basis": -0.002590194264569886
  },
  "AAVE": {
   "close": 94.36,
   "funding_rate": 1.4e-05,
   "open_interest": 7050.05,
   "basis": 0.00010530749789390392
  },
  "ENA": {
   "close": 0.0869,
   "funding_rate": 2e-06,
   "open_interest": 4052037.0,
   "basis": 5.747126436787357e-05
  },
  "HBAR": {
   "close": 0.06825,
   "funding_rate": 1.4e-05,
   "open_interest": 5903223.0,
   "basis": -7.309941520475147e-05
  },
  "ONDO": {
   "close": 0.40235,
   "funding_rate": 5e-06,
   "open_interest": 465927.0,
   "basis": 0.0004498088312466151
  },
  "PAXG": {
   "close": 4056.63
  },
  "PEPE": {
   "close": 2.96e-06,
   "funding_rate": 9e-06,
   "open_interest": 130183150.0,
   "basis": 0.0
  },
  "SHIB": {
   "close": 4.27e-06,
   "funding_rate": -9e-06,
   "open_interest": 19923084.0,
   "basis": 0.0011709601873535823
  },
  "XLM": {
   "close": 0.191577,
   "funding_rate": 1.8e-05,
   "open_interest": 1340129.0,
   "basis": 0.00035330732021599806
  },
  "ZEC": {
   "close": 536.38,
   "funding_rate": -6e-06,
   "open_interest": 2123.37,
   "basis": 5.5123752825042194e-05
  }
 }
}