{
 "generated_at": 1784820080,
 "assets": {
  "BTC": {
   "close": 64859.16,
   "funding_rate": 4e-06,
   "open_interest": 1807.6744,
   "basis": -7.123399952534324e-05
  },
  "ETH": {
   "close": 1895.1,
   "funding_rate": -1e-06,
   "open_interest": 42738.7217,
   "basis": -0.0009380020292550222
  },
  "SOL": {
   "close": 76.38,
   "funding_rate": 1e-06,
   "open_interest": 229668.005,
   "basis": -0.00015109709630794992
  },
  "XRP": {
   "close": 1.1093,
   "funding_rate": 2e-06,
   "open_interest": 4708179.0,
   "basis": 9.039139473921086e-05
  },
  "DOGE": {
   "close": 0.07021,
   "funding_rate": 9e-06,
   "open_interest": 31897510.0,
   "basis": 0.00021660649819476164
  },
  "ADA": {
   "close": 0.1694,
   "funding_rate": -1.2e-05,
   "open_interest": 2252005.0,
   "basis": -0.0005906674542233712
  },
  "AVAX": {
   "close": 6.45,
   "funding_rate": -1.8e-05,
   "open_interest": 56092.847,
   "basis": -0.0010903426791276749
  },
  "LINK": {
   "close": 8.47,
   "funding_rate": 9e-06,
   "open_interest": 91740.11,
   "basis": 0.00047264563393611443
  },
  "DOT": {
   "close": 0.815,
   "funding_rate": -2e-06,
   "open_interest": 267335.8,
   "basis": 0.0
  },
  "LTC": {
   "close": 46.57,
   "funding_rate": -6e-06,
   "open_interest": 13847.81,
   "basis": -0.0002155636990730332
  },
  "BCH": {
   "close": 214.49,
   "funding_rate": -2e-06,
   "open_interest": 4007.767,
   "basis": 0.0002570093457944244
  },
  "NEAR": {
   "close": 1.882,
   "funding_rate": 1.3e-05,
   "open_interest": 574188.4,
   "basis": 0.00023974427277573867
  },
  "ATOM": {
   "close": 1.44,
   "funding_rate": 1e-05,
   "open_interest": 25154.0,
   "basis": -0.0010438413361169498
  },
  "UNI": {
   "close": 3.767,
   "funding_rate": -1e-06,
   "open_interest": 137452.61,
   "basis": 0.00013252054068373255
  },
  "APT": {
   "close": 0.6177,
   "funding_rate": 1.2e-05,
   "open_interest": 55534.6,
   "basis": -0.0004890772742092713
  },
  "ARB": {
   "close": 0.0863,
   "funding_rate": 1.1e-05,
   "open_interest": 1132365.1,
   "basis": 0.0009291521486644672
  },
  "OP": {
   "close": 0.094,
   "funding_rate": -2.1e-05,
   "open_interest": 417705.3,
   "basis": -0.00585106382978718
  },
  "SUI": {
   "close": 0.7484,
   "funding_rate": -4e-06,
   "open_interest": 867539.2,
   "basis": -0.00026896180742346556
  },
  "INJ": {
   "close": 5.15,
   "funding_rate": -2e-06,
   "open_interest": 34788.1,
   "basis": 0.0
  },
  "AAVE": {
   "close": 95.8,
   "funding_rate": -1.3e-05,
   "open_interest": 6256.0,
   "basis": -0.0002088336639865931
  },
  "ENA": {
   "close": 0.0888,
   "funding_rate": -1.2e-05,
   "open_interest": 4321569.0,
   "basis": 0.0
  },
  "HBAR": {
   "close": 0.07126,
   "funding_rate": 1.2e-05,
   "open_interest": 5711221.0,
   "basis": 0.0004191114836544896
  },
  "ONDO": {
   "close": 0.40189,
   "funding_rate": 1.4e-05,
   "open_interest": 548081.0,
   "basis": 0.00034751526584925034
  },
  "PAXG": {
   "close": 4053.46
  },
  "PEPE": {
   "close": 2.79e-06,
   "funding_rate": -6e-06,
   "open_interest": 119331030.0,
   "basis": 0.001978417266187157
  },
  "SHIB": {
   "close": 4.14e-06,
   "funding_rate": -9e-06,
   "open_interest": 20097822.0,
   "basis": -0.0007263922518160771
  },
  "XLM": {
   "close": 0.18171,
   "funding_rate": 8e-06,
   "open_interest": 1299686.0,
   "basis": 0.00022103111012881831
  },
  "ZEC": {
   "close": 514.08,
   "funding_rate": 1.7e-05,
   "open_interest": 2469.02,
   "basis": 0.001049073318568527
  }
 }
}