{
 "generated_at": 1784765492,
 "assets": {
  "BTC": {
   "close": 66086.61,
   "funding_rate": 1e-06,
   "open_interest": 1935.4842,
   "basis": -9.064601146306753e-06
  },
  "ETH": {
   "close": 1933.54,
   "funding_rate": -5e-06,
   "open_interest": 45668.383,
   "basis": -7.489127852335532e-05
  },
  "SOL": {
   "close": 77.95,
   "funding_rate": -3e-06,
   "open_interest": 238003.008,
   "basis": -3.192032686411806e-05
  },
  "XRP": {
   "close": 1.1417,
   "funding_rate": -1e-06,
   "open_interest": 4853076.0,
   "basis": -0.00021876093804697538
  },
  "DOGE": {
   "close": 0.07295,
   "funding_rate": 5e-06,
   "open_interest": 30253205.0,
   "basis": 6.841817186632625e-05
  },
  "ADA": {
   "close": 0.1744,
   "funding_rate": -1.1e-05,
   "open_interest": 2177183.0,
   "basis": -0.0002858776443681789
  },
  "AVAX": {
   "close": 6.63,
   "funding_rate": 3e-06,
   "open_interest": 56714.22,
   "basis": 0.00015128593040838816
  },
  "LINK": {
   "close": 8.629,
   "funding_rate": 1e-05,
   "open_interest": 91559.19,
   "basis": 0.0
  },
  "DOT": {
   "close": 0.835,
   "funding_rate": -2.8e-05,
   "open_interest": 294069.6,
   "basis": -0.0005966587112171181
  },
  "LTC": {
   "close": 47.13,
   "funding_rate": -2e-06,
   "open_interest": 13825.83,
   "basis": -0.0004235493434984333
  },
  "BCH": {
   "close": 219.96,
   "funding_rate": 5e-06,
   "open_interest": 4013.196,
   "basis": 9.078941395437937e-05
  },
  "NEAR": {
   "close": 1.868,
   "funding_rate": 1.3e-05,
   "open_interest": 594504.1,
   "basis": 0.000294275013376164
  },
  "ATOM": {
   "close": 1.469,
   "funding_rate": -8e-06,
   "open_interest": 27579.3,
   "basis": 0.0
  },
  "UNI": {
   "close": 3.783,
   "funding_rate": 1e-06,
   "open_interest": 138421.67,
   "basis": 0.0
  },
  "APT": {
   "close": 0.6225,
   "funding_rate": 1.8e-05,
   "open_interest": 67387.8,
   "basis": 0.0
  },
  "ARB": {
   "close": 0.0901,
   "funding_rate": 2e-06,
   "open_interest": 1087630.3,
   "basis": 0.0006651884700665686
  },
  "OP": {
   "close": 0.096,
   "funding_rate": 3.4e-05,
   "open_interest": 351196.7,
   "basis": -0.002061855670103152
  },
  "SUI": {
   "close": 0.7642,
   "funding_rate": 1e-06,
   "open_interest": 921951.0,
   "basis": 0.0
  },
  "INJ": {
   "close": 5.168,
   "funding_rate": -3e-06,
   "open_interest": 41299.3,
   "basis": -9.684292078260915e-05
  },
  "AAVE": {
   "close": 97.4,
   "funding_rate": 4e-06,
   "open_interest": 6456.57,
   "basis": 0.00015318627450980972
  },
  "ENA": {
   "close": 0.0901,
   "funding_rate": 1e-06,
   "open_interest": 4382341.0,
   "basis": 0.0006104328523862319
  },
  "HBAR": {
   "close": 0.07286,
   "funding_rate": 1.1e-05,
   "open_interest": 5652579.0,
   "basis": 0.0009577233547681025
  },
  "ONDO": {
   "close": 0.4125,
   "funding_rate": 8e-06,
   "open_interest": 581345.0,
   "basis": 0.0
  },
  "PAXG": {
   "close": 4125.72
  },
  "PEPE": {
   "close": 2.88e-06,
   "funding_rate": -5e-06,
   "open_interest": 115915775.0,
   "basis": -0.0024221453287197442
  },
  "SHIB": {
   "close": 4.26e-06,
   "funding_rate": -9e-06,
   "open_interest": 19421863.0,
   "basis": -0.0018779342723005152
  },
  "XLM": {
   "close": 0.187433,
   "funding_rate": 3e-06,
   "open_interest": 1324069.0,
   "basis": 1.0685872741952204e-05
  },
  "ZEC": {
   "close": 514.98,
   "funding_rate": 4e-06,
   "open_interest": 2186.53,
   "basis": 0.00030009680542105073
  }
 }
}