{
 "generated_at": 1784548492,
 "assets": {
  "BTC": {
   "close": 64239.45,
   "funding_rate": 8e-06,
   "open_interest": 1888.8286,
   "basis": 4.360089802445943e-05
  },
  "ETH": {
   "close": 1867.24,
   "funding_rate": 4e-06,
   "open_interest": 44693.6692,
   "basis": 5.0321261527556076e-05
  },
  "SOL": {
   "close": 76.28,
   "funding_rate": 7e-06,
   "open_interest": 232943.816,
   "basis": 0.0001493894518056387
  },
  "XRP": {
   "close": 1.0918,
   "funding_rate": 3e-06,
   "open_interest": 4698356.0,
   "basis": -4.525706010147132e-05
  },
  "DOGE": {
   "close": 0.07213,
   "funding_rate": 1.1e-05,
   "open_interest": 28335649.0,
   "basis": 0.00027487630566234533
  },
  "ADA": {
   "close": 0.1631,
   "funding_rate": -2e-06,
   "open_interest": 2721455.0,
   "basis": -0.00030266343825679327
  },
  "AVAX": {
   "close": 6.54,
   "funding_rate": 2e-06,
   "open_interest": 63835.781,
   "basis": 0.000832072617246538
  },
  "LINK": {
   "close": 8.394,
   "funding_rate": 1.7e-05,
   "open_interest": 92849.78,
   "basis": 0.00047086521483241157
  },
  "DOT": {
   "close": 0.807,
   "funding_rate": 1e-06,
   "open_interest": 429523.7,
   "basis": 0.0006150061500615695
  },
  "LTC": {
   "close": 47.02,
   "funding_rate": 4e-06,
   "open_interest": 15039.78,
   "basis": -0.0003163222269084894
  },
  "BCH": {
   "close": 212.38,
   "funding_rate": 1.2e-05,
   "open_interest": 4498.21,
   "basis": 0.0007919500605609611
  },
  "NEAR": {
   "close": 1.943,
   "funding_rate": 1.3e-05,
   "open_interest": 508150.0,
   "basis": 0.0007161125319692306
  },
  "ATOM": {
   "close": 1.472,
   "funding_rate": -1e-06,
   "open_interest": 30747.9,
   "basis": -0.0023584905660377752
  },
  "UNI": {
   "close": 3.444,
   "funding_rate": -1e-06,
   "open_interest": 156261.41,
   "basis": 0.0001421262080728161
  },
  "APT": {
   "close": 0.5866,
   "funding_rate": 1.7e-05,
   "open_interest": 65675.4,
   "basis": -0.00033681374200063654
  },
  "ARB": {
   "close": 0.0871,
   "funding_rate": -1e-06,
   "open_interest": 737838.6,
   "basis": -0.00011337868480721228
  },
  "OP": {
   "close": 0.092,
   "funding_rate": -2.5e-05,
   "open_interest": 439635.5,
   "basis": 0.0
  },
  "SUI": {
   "close": 0.7447,
   "funding_rate": 7e-06,
   "open_interest": 872758.8,
   "basis": 6.634819532907974e-05
  },
  "INJ": {
   "close": 5.211,
   "funding_rate": -4e-06,
   "open_interest": 31913.0,
   "basis": -0.0005687203791469409
  },
  "AAVE": {
   "close": 90.44,
   "funding_rate": 1.5e-05,
   "open_interest": 7826.52,
   "basis": 0.00038529282254509673
  },
  "ENA": {
   "close": 0.0797,
   "funding_rate": -4e-06,
   "open_interest": 4274578.0,
   "basis": 0.00068322981366459
  },
  "HBAR": {
   "close": 0.06601,
   "funding_rate": 7e-06,
   "open_interest": 6025731.0,
   "basis": 0.0002254621975049019
  },
  "ONDO": {
   "close": 0.34792,
   "funding_rate": -1e-06,
   "open_interest": 391635.0,
   "basis": -0.00042217844075424565
  },
  "PAXG": {
   "close": 4017.88
  },
  "PEPE": {
   "close": 2.87e-06,
   "funding_rate": 1.4e-05,
   "open_interest": 119699016.0,
   "basis": -0.002054794520547921
  },
  "SHIB": {
   "close": 4.2e-06,
   "funding_rate": -4.1e-05,
   "open_interest": 19268661.0,
   "basis": -0.0009456264775414967
  },
  "XLM": {
   "close": 0.186805,
   "funding_rate": 1.1e-05,
   "open_interest": 1423125.0,
   "basis": 0.0002648305084745471
  },
  "ZEC": {
   "close": 531.28,
   "funding_rate": 1e-06,
   "open_interest": 2366.05,
   "basis": -0.00012079988105868005
  }
 }
}