{
 "generated_at": 1784416009,
 "assets": {
  "BTC": {
   "close": 64764.33,
   "funding_rate": 1e-06,
   "open_interest": 1918.0414,
   "basis": 1.560032522819781e-05
  },
  "ETH": {
   "close": 1862.42,
   "funding_rate": 0.0,
   "open_interest": 42518.2217,
   "basis": 3.49079504199988e-05
  },
  "SOL": {
   "close": 75.51,
   "funding_rate": 0.0,
   "open_interest": 223777.874,
   "basis": 6.626027034221938e-06
  },
  "XRP": {
   "close": 1.0926,
   "funding_rate": 1e-06,
   "open_interest": 4945531.0,
   "basis": 4.57707799339834e-05
  },
  "DOGE": {
   "close": 0.07243,
   "funding_rate": 4e-06,
   "open_interest": 28842545.0,
   "basis": 6.903216899081873e-05
  },
  "ADA": {
   "close": 0.167,
   "funding_rate": -7e-06,
   "open_interest": 2714588.0,
   "basis": 0.0
  },
  "AVAX": {
   "close": 6.58,
   "funding_rate": -3e-06,
   "open_interest": 66702.766,
   "basis": 7.587253414259831e-05
  },
  "LINK": {
   "close": 8.363,
   "funding_rate": -5e-06,
   "open_interest": 94859.14,
   "basis": 0.0002393203302621357
  },
  "DOT": {
   "close": 0.837,
   "funding_rate": 4e-06,
   "open_interest": 326716.5,
   "basis": -0.0017942583732056768
  },
  "LTC": {
   "close": 46.97,
   "funding_rate": 4e-06,
   "open_interest": 15214.99,
   "basis": -0.0003192848020432836
  },
  "BCH": {
   "close": 219.85,
   "funding_rate": 1.5e-05,
   "open_interest": 4814.852,
   "basis": 0.00013628929674723396
  },
  "NEAR": {
   "close": 1.93,
   "funding_rate": 5e-06,
   "open_interest": 507231.7,
   "basis": -0.00023316062176157484
  },
  "ATOM": {
   "close": 1.502,
   "funding_rate": -3e-06,
   "open_interest": 23604.4,
   "basis": -0.0016666666666666312
  },
  "UNI": {
   "close": 3.561,
   "funding_rate": 1.1e-05,
   "open_interest": 166125.85,
   "basis": 0.0
  },
  "APT": {
   "close": 0.6095,
   "funding_rate": 3.2e-05,
   "open_interest": 72526.1,
   "basis": -0.00024622455679577064
  },
  "ARB": {
   "close": 0.0883,
   "funding_rate": -1.6e-05,
   "open_interest": 811317.5,
   "basis": -0.00028280542986437924
  },
  "OP": {
   "close": 0.096,
   "funding_rate": -3.3e-05,
   "open_interest": 317731.4,
   "basis": 0.0015789473684210248
  },
  "SUI": {
   "close": 0.7435,
   "funding_rate": 6e-06,
   "open_interest": 842513.7,
   "basis": 0.00047125353440145607
  },
  "INJ": {
   "close": 5.159,
   "funding_rate": 7e-06,
   "open_interest": 34816.6,
   "basis": -0.0002905287623474834
  },
  "AAVE": {
   "close": 90.04,
   "funding_rate": 1.2e-05,
   "open_interest": 7893.01,
   "basis": -0.0002223457476375322
  },
  "ENA": {
   "close": 0.0809,
   "funding_rate": -1.3e-05,
   "open_interest": 4080792.0,
   "basis": -0.0011097410604193187
  },
  "HBAR": {
   "close": 0.06699,
   "funding_rate": 1.3e-05,
   "open_interest": 5861891.0,
   "basis": 0.00029846291598278055
  },
  "ONDO": {
   "close": 0.34783,
   "funding_rate": -8e-06,
   "open_interest": 402355.0,
   "basis": -0.0006334216284694171
  },
  "PAXG": {
   "close": 4004.18
  },
  "PEPE": {
   "close": 2.76e-06,
   "funding_rate": -1e-06,
   "open_interest": 111461085.0,
   "basis": -0.00018115942028987912
  },
  "SHIB": {
   "close": 4.15e-06,
   "funding_rate": -3.8e-05,
   "open_interest": 18005684.0,
   "basis": -0.001807228915662577
  },
  "XLM": {
   "close": 0.188049,
   "funding_rate": 1.1e-05,
   "open_interest": 1460549.0,
   "basis": 0.00021259633271317825
  },
  "ZEC": {
   "close": 560.67,
   "funding_rate": 6e-06,
   "open_interest": 2116.98,
   "basis": 0.0004362613294396348
  }
 }
}