{
 "generated_at": 1784473876,
 "assets": {
  "BTC": {
   "close": 64547.2,
   "funding_rate": 5e-06,
   "open_interest": 1937.3194,
   "basis": 7.069099987311195e-05
  },
  "ETH": {
   "close": 1873.31,
   "funding_rate": 4e-06,
   "open_interest": 43284.768,
   "basis": 0.00015751058524518012
  },
  "SOL": {
   "close": 76.36,
   "funding_rate": 9e-06,
   "open_interest": 226575.022,
   "basis": 0.00011150465695917556
  },
  "XRP": {
   "close": 1.0979,
   "funding_rate": 5e-06,
   "open_interest": 4840960.0,
   "basis": -4.557885141283817e-05
  },
  "DOGE": {
   "close": 0.07256,
   "funding_rate": 7e-06,
   "open_interest": 28672771.0,
   "basis": 0.0001379120121362036
  },
  "ADA": {
   "close": 0.1666,
   "funding_rate": -4e-06,
   "open_interest": 2637180.0,
   "basis": -0.00030066145520141007
  },
  "AVAX": {
   "close": 6.46,
   "funding_rate": -8e-06,
   "open_interest": 64331.161,
   "basis": -0.0009287925696594779
  },
  "LINK": {
   "close": 8.368,
   "funding_rate": 1.2e-05,
   "open_interest": 94559.38,
   "basis": -0.00011961722488031649
  },
  "DOT": {
   "close": 0.825,
   "funding_rate": 1e-05,
   "open_interest": 332784.9,
   "basis": -0.0006067961165047875
  },
  "LTC": {
   "close": 47.29,
   "funding_rate": 8e-06,
   "open_interest": 15692.75,
   "basis": -0.00010584250635060452
  },
  "BCH": {
   "close": 216.29,
   "funding_rate": -1e-05,
   "open_interest": 4767.822,
   "basis": 0.00016215715344698197
  },
  "NEAR": {
   "close": 1.928,
   "funding_rate": 1.2e-05,
   "open_interest": 487915.2,
   "basis": 0.0005460218408736325
  },
  "ATOM": {
   "close": 1.486,
   "funding_rate": -7e-06,
   "open_interest": 23948.5,
   "basis": -0.0010094212651413571
  },
  "UNI": {
   "close": 3.528,
   "funding_rate": 7e-06,
   "open_interest": 168221.43,
   "basis": 0.0002840909090908778
  },
  "APT": {
   "close": 0.6014,
   "funding_rate": 2.8e-05,
   "open_interest": 63528.1,
   "basis": -0.0002500416736122412
  },
  "ARB": {
   "close": 0.0887,
   "funding_rate": 3e-06,
   "open_interest": 826375.4,
   "basis": 0.0004514672686230064
  },
  "OP": {
   "close": 0.094,
   "funding_rate": 4e-06,
   "open_interest": 495314.0,
   "basis": 0.002659574468085109
  },
  "SUI": {
   "close": 0.7515,
   "funding_rate": 3e-06,
   "open_interest": 892226.6,
   "basis": 0.00013280212483398273
  },
  "INJ": {
   "close": 5.11,
   "funding_rate": -1e-05,
   "open_interest": 33888.1,
   "basis": 0.0005875440658049577
  },
  "AAVE": {
   "close": 89.63,
   "funding_rate": 1.7e-05,
   "open_interest": 7559.99,
   "basis": 0.0006693440428380441
  },
  "ENA": {
   "close": 0.0807,
   "funding_rate": -1.4e-05,
   "open_interest": 4115102.0,
   "basis": 0.0009937888198757359
  },
  "HBAR": {
   "close": 0.06682,
   "funding_rate": 1.6e-05,
   "open_interest": 5875171.0,
   "basis": 0.00029967036260123054
  },
  "ONDO": {
   "close": 0.34906,
   "funding_rate": 9e-06,
   "open_interest": 435601.0,
   "basis": -2.8623769177953976e-05
  },
  "PAXG": {
   "close": 4006.29
  },
  "PEPE": {
   "close": 2.86e-06,
   "funding_rate": 1.6e-05,
   "open_interest": 124594220.0,
   "basis": 0.0010526315789473558
  },
  "SHIB": {
   "close": 4.17e-06,
   "funding_rate": -3.6e-05,
   "open_interest": 18264829.0,
   "basis": 0.0024096385542167692
  },
  "XLM": {
   "close": 0.190817,
   "funding_rate": 4e-06,
   "open_interest": 1368381.0,
   "basis": 0.00051246653279779
  },
  "ZEC": {
   "close": 555.73,
   "funding_rate": 0.0,
   "open_interest": 2274.4,
   "basis": 0.00018928809648287968
  }
 }
}