{
 "generated_at": 1784835695,
 "assets": {
  "BTC": {
   "close": 64807.58,
   "funding_rate": 4e-06,
   "open_interest": 1793.5714,
   "basis": 0.00039005688741709495
  },
  "ETH": {
   "close": 1879.69,
   "funding_rate": -1e-06,
   "open_interest": 42910.8248,
   "basis": 0.00031746201126858206
  },
  "SOL": {
   "close": 75.73,
   "funding_rate": 3e-06,
   "open_interest": 240844.758,
   "basis": 6.6172578083958104e-06
  },
  "XRP": {
   "close": 1.1045,
   "funding_rate": 2e-06,
   "open_interest": 4628622.0,
   "basis": 4.5289855072358215e-05
  },
  "DOGE": {
   "close": 0.06927,
   "funding_rate": 6e-06,
   "open_interest": 31957432.0,
   "basis": 0.00021676300578036306
  },
  "ADA": {
   "close": 0.1693,
   "funding_rate": -1.5e-05,
   "open_interest": 2108758.0,
   "basis": -0.0011813349084465784
  },
  "AVAX": {
   "close": 6.27,
   "funding_rate": -1.1e-05,
   "open_interest": 62159.937,
   "basis": -7.987220447279919e-05
  },
  "LINK": {
   "close": 8.472,
   "funding_rate": 2.2e-05,
   "open_interest": 91897.91,
   "basis": 0.0008285004142501685
  },
  "DOT": {
   "close": 0.815,
   "funding_rate": -1.2e-05,
   "open_interest": 277291.7,
   "basis": -0.0006134969325152699
  },
  "LTC": {
   "close": 46.79,
   "funding_rate": -5e-06,
   "open_interest": 13801.84,
   "basis": -0.00032003413697462274
  },
  "BCH": {
   "close": 210.35,
   "funding_rate": -5.1e-05,
   "open_interest": 3927.885,
   "basis": 0.0007876270943720084
  },
  "NEAR": {
   "close": 1.881,
   "funding_rate": 2.1e-05,
   "open_interest": 577893.5,
   "basis": 0.0
  },
  "ATOM": {
   "close": 1.423,
   "funding_rate": 9e-06,
   "open_interest": 24863.1,
   "basis": -0.0010548523206749894
  },
  "UNI": {
   "close": 3.781,
   "funding_rate": 1e-06,
   "open_interest": 133369.44,
   "basis": -0.0005289605924359227
  },
  "APT": {
   "close": 0.6087,
   "funding_rate": 1e-05,
   "open_interest": 57378.3,
   "basis": -0.0020532194480945686
  },
  "ARB": {
   "close": 0.0863,
   "funding_rate": -1.1e-05,
   "open_interest": 1137148.3,
   "basis": 5.793742757827347e-05
  },
  "OP": {
   "close": 0.093,
   "funding_rate": -3e-06,
   "open_interest": 354421.3,
   "basis": -0.0016129032258064232
  },
  "SUI": {
   "close": 0.743,
   "funding_rate": 1e-06,
   "open_interest": 878499.0,
   "basis": -6.714113065663287e-05
  },
  "INJ": {
   "close": 5.116,
   "funding_rate": -5e-06,
   "open_interest": 34008.7,
   "basis": -0.0005855943782939906
  },
  "AAVE": {
   "close": 95.4,
   "funding_rate": -1e-05,
   "open_interest": 6072.77,
   "basis": 0.00041972717733479805
  },
  "ENA": {
   "close": 0.0885,
   "funding_rate": -1.3e-05,
   "open_interest": 4482731.0,
   "basis": -0.0019209039548021426
  },
  "HBAR": {
   "close": 0.07215,
   "funding_rate": 1.4e-05,
   "open_interest": 5966094.0,
   "basis": 0.0005554784057769527
  },
  "ONDO": {
   "close": 0.39796,
   "funding_rate": 2e-05,
   "open_interest": 542418.0,
   "basis": 0.00037575150300597066
  },
  "PAXG": {
   "close": 4041.37
  },
  "PEPE": {
   "close": 2.78e-06,
   "funding_rate": -1e-06,
   "open_interest": 116876014.0,
   "basis": -0.0023381294964028763
  },
  "SHIB": {
   "close": 4.11e-06,
   "funding_rate": -2.4e-05,
   "open_interest": 21404638.0,
   "basis": -0.000729927007299156
  },
  "XLM": {
   "close": 0.182294,
   "funding_rate": 1e-06,
   "open_interest": 1381303.0,
   "basis": 0.0001369675386933146
  },
  "ZEC": {
   "close": 508.4,
   "funding_rate": 1.1e-05,
   "open_interest": 2279.99,
   "basis": 0.0004837595024188065
  }
 }
}