{
 "generated_at": 1784792595,
 "assets": {
  "BTC": {
   "close": 65758.11,
   "funding_rate": 1e-06,
   "open_interest": 1875.8317,
   "basis": 0.00014015118886005358
  },
  "ETH": {
   "close": 1924.09,
   "funding_rate": -1e-06,
   "open_interest": 45292.2594,
   "basis": 0.0001490102581799217
  },
  "SOL": {
   "close": 77.54,
   "funding_rate": -8e-06,
   "open_interest": 239181.703,
   "basis": -0.00018814065135588662
  },
  "XRP": {
   "close": 1.1362,
   "funding_rate": 2e-06,
   "open_interest": 4827469.0,
   "basis": -4.414231482308247e-05
  },
  "DOGE": {
   "close": 0.07257,
   "funding_rate": 2e-06,
   "open_interest": 29663384.0,
   "basis": -0.0002770466823660635
  },
  "ADA": {
   "close": 0.1741,
   "funding_rate": 1e-06,
   "open_interest": 2223255.0,
   "basis": -0.0005797101449274725
  },
  "AVAX": {
   "close": 6.57,
   "funding_rate": -5e-06,
   "open_interest": 57425.14,
   "basis": -0.0006106870229006962
  },
  "LINK": {
   "close": 8.58,
   "funding_rate": 1.2e-05,
   "open_interest": 91911.06,
   "basis": 0.0
  },
  "DOT": {
   "close": 0.823,
   "funding_rate": -2e-06,
   "open_interest": 288548.8,
   "basis": -0.0018292682926828608
  },
  "LTC": {
   "close": 47.23,
   "funding_rate": -5e-06,
   "open_interest": 13714.1,
   "basis": -0.0004270766602604318
  },
  "BCH": {
   "close": 217.12,
   "funding_rate": 9e-06,
   "open_interest": 4007.5,
   "basis": -9.288069474764423e-05
  },
  "NEAR": {
   "close": 1.875,
   "funding_rate": 1.2e-05,
   "open_interest": 607764.4,
   "basis": -0.0005107526881720464
  },
  "ATOM": {
   "close": 1.462,
   "funding_rate": -9e-06,
   "open_interest": 27437.2,
   "basis": -0.0010266940451745768
  },
  "UNI": {
   "close": 3.852,
   "funding_rate": -4e-06,
   "open_interest": 146692.0,
   "basis": 0.0
  },
  "APT": {
   "close": 0.6233,
   "funding_rate": 1.6e-05,
   "open_interest": 66213.6,
   "basis": -0.0010490639122014839
  },
  "ARB": {
   "close": 0.0892,
   "funding_rate": -9e-06,
   "open_interest": 1095666.1,
   "basis": -0.000677200902934588
  },
  "OP": {
   "close": 0.096,
   "funding_rate": -8e-06,
   "open_interest": 338506.9,
   "basis": -0.0031250000000000895
  },
  "SUI": {
   "close": 0.7708,
   "funding_rate": -1e-06,
   "open_interest": 912339.7,
   "basis": -0.000585784951835395
  },
  "INJ": {
   "close": 5.167,
   "funding_rate": -2e-06,
   "open_interest": 34266.3,
   "basis": -0.000777756173439541
  },
  "AAVE": {
   "close": 97.37,
   "funding_rate": 5e-06,
   "open_interest": 6149.75,
   "basis": -0.0003095336359884558
  },
  "ENA": {
   "close": 0.0911,
   "funding_rate": -9e-06,
   "open_interest": 4389434.0,
   "basis": -0.000547045951859896
  },
  "HBAR": {
   "close": 0.07386,
   "funding_rate": 1.2e-05,
   "open_interest": 5515141.0,
   "basis": 0.00020447110141768164
  },
  "ONDO": {
   "close": 0.40554,
   "funding_rate": 3e-06,
   "open_interest": 555591.0,
   "basis": 0.00027275657715291474
  },
  "PAXG": {
   "close": 4111.1
  },
  "PEPE": {
   "close": 2.85e-06,
   "funding_rate": 0.0,
   "open_interest": 113191445.0,
   "basis": -0.0029824561403509688
  },
  "SHIB": {
   "close": 4.24e-06,
   "funding_rate": -2.7e-05,
   "open_interest": 19489116.0,
   "basis": -0.002009456264775373
  },
  "XLM": {
   "close": 0.184398,
   "funding_rate": 2e-06,
   "open_interest": 1330135.0,
   "basis": 6.53530699603756e-05
  },
  "ZEC": {
   "close": 516.57,
   "funding_rate": 1.4e-05,
   "open_interest": 2221.25,
   "basis": -0.0001945752422462208
  }
 }
}