{
 "generated_at": 1784488946,
 "assets": {
  "BTC": {
   "close": 64374.23,
   "funding_rate": 5e-06,
   "open_interest": 1878.1268,
   "basis": 0.0002107657334989179
  },
  "ETH": {
   "close": 1859.71,
   "funding_rate": 3e-06,
   "open_interest": 42818.5416,
   "basis": 0.00013722957700994606
  },
  "SOL": {
   "close": 75.7,
   "funding_rate": 5e-06,
   "open_interest": 225581.392,
   "basis": 5.9390259997456465e-05
  },
  "XRP": {
   "close": 1.0919,
   "funding_rate": 3e-06,
   "open_interest": 4754335.0,
   "basis": 0.000137262079063044
  },
  "DOGE": {
   "close": 0.07201,
   "funding_rate": 7e-06,
   "open_interest": 28529025.0,
   "basis": 0.00020801553182639196
  },
  "ADA": {
   "close": 0.165,
   "funding_rate": -8e-06,
   "open_interest": 2719367.0,
   "basis": -0.0009052504526251266
  },
  "AVAX": {
   "close": 6.41,
   "funding_rate": -3e-06,
   "open_interest": 62252.707,
   "basis": -0.0010903426791276749
  },
  "LINK": {
   "close": 8.313,
   "funding_rate": 1e-06,
   "open_interest": 91952.73,
   "basis": 0.000300661455201597
  },
  "DOT": {
   "close": 0.812,
   "funding_rate": -4e-06,
   "open_interest": 337358.3,
   "basis": -0.0006142506142505467
  },
  "LTC": {
   "close": 47.46,
   "funding_rate": 4e-06,
   "open_interest": 15440.67,
   "basis": 0.00010530749789390392
  },
  "BCH": {
   "close": 216.45,
   "funding_rate": 8e-06,
   "open_interest": 4793.918,
   "basis": 0.00011505361498460898
  },
  "NEAR": {
   "close": 1.914,
   "funding_rate": 1.4e-05,
   "open_interest": 503013.0,
   "basis": 0.0002873563218391068
  },
  "ATOM": {
   "close": 1.482,
   "funding_rate": 2e-06,
   "open_interest": 23135.9,
   "basis": -0.0016903313049358814
  },
  "UNI": {
   "close": 3.477,
   "funding_rate": 3e-06,
   "open_interest": 161152.97,
   "basis": 0.00014355440712021902
  },
  "APT": {
   "close": 0.593,
   "funding_rate": 2.3e-05,
   "open_interest": 65768.0,
   "basis": -8.430281571403556e-05
  },
  "ARB": {
   "close": 0.0887,
   "funding_rate": 1.5e-05,
   "open_interest": 706549.7,
   "basis": 0.00016891891891893156
  },
  "OP": {
   "close": 0.094,
   "funding_rate": 6e-06,
   "open_interest": 456628.8,
   "basis": 0.0005319148936169627
  },
  "SUI": {
   "close": 0.7451,
   "funding_rate": 9e-06,
   "open_interest": 881521.0,
   "basis": 6.70241286863197e-05
  },
  "INJ": {
   "close": 5.118,
   "funding_rate": -9e-06,
   "open_interest": 33578.3,
   "basis": 9.740892265726142e-05
  },
  "AAVE": {
   "close": 88.93,
   "funding_rate": 2.4e-05,
   "open_interest": 8974.43,
   "basis": 0.000505617977528109
  },
  "ENA": {
   "close": 0.0802,
   "funding_rate": -1.1e-05,
   "open_interest": 4218839.0,
   "basis": -0.0007471980074718632
  },
  "HBAR": {
   "close": 0.06636,
   "funding_rate": 1.5e-05,
   "open_interest": 5941154.0,
   "basis": 0.00022607385079106624
  },
  "ONDO": {
   "close": 0.3456,
   "funding_rate": 3e-06,
   "open_interest": 445621.0,
   "basis": -0.0001734304543878035
  },
  "PAXG": {
   "close": 4007.94
  },
  "PEPE": {
   "close": 2.82e-06,
   "funding_rate": 1.8e-05,
   "open_interest": 124248123.0,
   "basis": 0.0023049645390070903
  },
  "SHIB": {
   "close": 4.12e-06,
   "funding_rate": -2.6e-05,
   "open_interest": 18232270.0,
   "basis": -0.001694915254237303
  },
  "XLM": {
   "close": 0.189212,
   "funding_rate": 1.4e-05,
   "open_interest": 1415121.0,
   "basis": 0.0003533326653411439
  },
  "ZEC": {
   "close": 549.15,
   "funding_rate": -3e-06,
   "open_interest": 2078.72,
   "basis": 9.10083727702121e-06
  }
 }
}