{
 "generated_at": 1784435483,
 "assets": {
  "BTC": {
   "close": 64670.12,
   "funding_rate": 3e-06,
   "open_interest": 1880.666,
   "basis": 5.164561643908589e-05
  },
  "ETH": {
   "close": 1866.06,
   "funding_rate": 3e-06,
   "open_interest": 42674.3098,
   "basis": 6.700508702620703e-05
  },
  "SOL": {
   "close": 75.9,
   "funding_rate": 4e-06,
   "open_interest": 225738.889,
   "basis": -7.25019773266259e-05
  },
  "XRP": {
   "close": 1.0943,
   "funding_rate": 2e-06,
   "open_interest": 4924572.0,
   "basis": -0.00013698630136974653
  },
  "DOGE": {
   "close": 0.07239,
   "funding_rate": 8e-06,
   "open_interest": 28689153.0,
   "basis": 0.00013829345871934896
  },
  "ADA": {
   "close": 0.1667,
   "funding_rate": -5e-06,
   "open_interest": 2698182.0,
   "basis": -0.0012004801920768651
  },
  "AVAX": {
   "close": 6.58,
   "funding_rate": 1e-06,
   "open_interest": 67072.02,
   "basis": -0.0006088280060883482
  },
  "LINK": {
   "close": 8.34,
   "funding_rate": 1.2e-05,
   "open_interest": 94993.86,
   "basis": 5.993048064252799e-05
  },
  "DOT": {
   "close": 0.837,
   "funding_rate": -5e-06,
   "open_interest": 333861.3,
   "basis": -0.0005973715651134349
  },
  "LTC": {
   "close": 46.89,
   "funding_rate": 8e-06,
   "open_interest": 15282.04,
   "basis": -0.00010683760683750968
  },
  "BCH": {
   "close": 218.3,
   "funding_rate": 2.1e-05,
   "open_interest": 4782.397,
   "basis": 0.00034320230631944645
  },
  "NEAR": {
   "close": 1.918,
   "funding_rate": 2e-05,
   "open_interest": 478528.7,
   "basis": 0.00041666666666673646
  },
  "ATOM": {
   "close": 1.493,
   "funding_rate": 4e-06,
   "open_interest": 23367.0,
   "basis": -0.0016744809109177285
  },
  "UNI": {
   "close": 3.562,
   "funding_rate": 1.2e-05,
   "open_interest": 165010.04,
   "basis": -0.00028089887640446345
  },
  "APT": {
   "close": 0.6053,
   "funding_rate": 1.8e-05,
   "open_interest": 72816.1,
   "basis": -0.00033052388035031895
  },
  "ARB": {
   "close": 0.0878,
   "funding_rate": 3e-06,
   "open_interest": 987188.3,
   "basis": -0.0005119453924915059
  },
  "OP": {
   "close": 0.096,
   "funding_rate": 5e-06,
   "open_interest": 412988.3,
   "basis": 0.0042105263157894484
  },
  "SUI": {
   "close": 0.7417,
   "funding_rate": 1.4e-05,
   "open_interest": 841076.0,
   "basis": 6.741270055277672e-05
  },
  "INJ": {
   "close": 5.074,
   "funding_rate": 7e-06,
   "open_interest": 37995.4,
   "basis": -0.00019627085377810517
  },
  "AAVE": {
   "close": 90.06,
   "funding_rate": 1.3e-05,
   "open_interest": 7835.43,
   "basis": 0.00022232103156970024
  },
  "ENA": {
   "close": 0.0804,
   "funding_rate": -1.3e-05,
   "open_interest": 4070548.0,
   "basis": -0.000869565217391312
  },
  "HBAR": {
   "close": 0.06674,
   "funding_rate": 9e-06,
   "open_interest": 5824600.0,
   "basis": -0.00022478645286979056
  },
  "ONDO": {
   "close": 0.34285,
   "funding_rate": 4e-06,
   "open_interest": 406117.0,
   "basis": -0.0003793073264667916
  },
  "PAXG": {
   "close": 4008.85
  },
  "PEPE": {
   "close": 2.74e-06,
   "funding_rate": 1e-06,
   "open_interest": 110957714.0,
   "basis": 0.0010909090909090782
  },
  "SHIB": {
   "close": 4.14e-06,
   "funding_rate": -3.7e-05,
   "open_interest": 18013599.0,
   "basis": 0.00024154589371983885
  },
  "XLM": {
   "close": 0.187293,
   "funding_rate": 1.2e-05,
   "open_interest": 1580759.0,
   "basis": 0.00046650544524461373
  },
  "ZEC": {
   "close": 555.31,
   "funding_rate": 4e-06,
   "open_interest": 2080.12,
   "basis": -0.00019807328711625755
  }
 }
}