{
 "generated_at": 1784751568,
 "assets": {
  "BTC": {
   "close": 65894.99,
   "funding_rate": 1e-06,
   "open_interest": 1898.1705,
   "basis": -0.00012200971858995003
  },
  "ETH": {
   "close": 1923.98,
   "funding_rate": 1e-06,
   "open_interest": 45799.5687,
   "basis": -0.0005782895078056165
  },
  "SOL": {
   "close": 77.61,
   "funding_rate": 2e-06,
   "open_interest": 233523.55,
   "basis": -7.063053807625324e-05
  },
  "XRP": {
   "close": 1.1368,
   "funding_rate": 5e-06,
   "open_interest": 4946640.0,
   "basis": -8.800492827597375e-05
  },
  "DOGE": {
   "close": 0.07247,
   "funding_rate": 7e-06,
   "open_interest": 31064686.0,
   "basis": 6.881365262855936e-05
  },
  "ADA": {
   "close": 0.1745,
   "funding_rate": 0.0,
   "open_interest": 2244968.0,
   "basis": -0.00028669724770639043
  },
  "AVAX": {
   "close": 6.6,
   "funding_rate": 8e-06,
   "open_interest": 57769.326,
   "basis": -0.0009063444108761673
  },
  "LINK": {
   "close": 8.641,
   "funding_rate": 2.1e-05,
   "open_interest": 92576.27,
   "basis": -0.0004619471070563963
  },
  "DOT": {
   "close": 0.84,
   "funding_rate": -7.6e-05,
   "open_interest": 272316.6,
   "basis": -0.0005931198102015954
  },
  "LTC": {
   "close": 47.15,
   "funding_rate": -6e-06,
   "open_interest": 13867.55,
   "basis": -0.0004238186056367032
  },
  "BCH": {
   "close": 219.31,
   "funding_rate": 5e-06,
   "open_interest": 3975.37,
   "basis": 4.558300665507752e-05
  },
  "NEAR": {
   "close": 1.861,
   "funding_rate": 6e-06,
   "open_interest": 594983.8,
   "basis": 0.0005901287553647419
  },
  "ATOM": {
   "close": 1.466,
   "funding_rate": -2.1e-05,
   "open_interest": 27164.4,
   "basis": -0.0010204081632653448
  },
  "UNI": {
   "close": 3.836,
   "funding_rate": -6e-06,
   "open_interest": 139807.82,
   "basis": -0.0001301066874837801
  },
  "APT": {
   "close": 0.6232,
   "funding_rate": 3e-05,
   "open_interest": 66826.5,
   "basis": 0.0
  },
  "ARB": {
   "close": 0.0904,
   "funding_rate": 6e-06,
   "open_interest": 1098696.9,
   "basis": 0.0002753303964757406
  },
  "OP": {
   "close": 0.098,
   "funding_rate": -8e-06,
   "open_interest": 336368.3,
   "basis": 0.003571428571428603
  },
  "SUI": {
   "close": 0.7662,
   "funding_rate": 7e-06,
   "open_interest": 924211.6,
   "basis": 6.541077969648678e-05
  },
  "INJ": {
   "close": 5.162,
   "funding_rate": -7e-06,
   "open_interest": 41999.8,
   "basis": -0.00019293845263350295
  },
  "AAVE": {
   "close": 97.74,
   "funding_rate": 9e-06,
   "open_interest": 6292.92,
   "basis": 5.1020408163218904e-05
  },
  "ENA": {
   "close": 0.0925,
   "funding_rate": -8e-06,
   "open_interest": 4107876.0,
   "basis": 0.0007019438444923932
  },
  "HBAR": {
   "close": 0.07172,
   "funding_rate": 1.4e-05,
   "open_interest": 5695173.0,
   "basis": 0.00013952839402813064
  },
  "ONDO": {
   "close": 0.41044,
   "funding_rate": 7e-06,
   "open_interest": 577329.0,
   "basis": 0.00048426150121073485
  },
  "PAXG": {
   "close": 4123.82
  },
  "PEPE": {
   "close": 2.86e-06,
   "funding_rate": 1e-06,
   "open_interest": 120680382.0,
   "basis": 0.002097902097902073
  },
  "SHIB": {
   "close": 4.24e-06,
   "funding_rate": -2.1e-05,
   "open_interest": 19451863.0,
   "basis": 0.00023529411764688595
  },
  "XLM": {
   "close": 0.187111,
   "funding_rate": 8e-06,
   "open_interest": 1244314.0,
   "basis": 0.00015485993186163666
  },
  "ZEC": {
   "close": 509.38,
   "funding_rate": 9e-06,
   "open_interest": 2308.68,
   "basis": -5.8713010803140594e-05
  }
 }
}