{
 "generated_at": 1784848163,
 "assets": {
  "BTC": {
   "close": 65140.05,
   "funding_rate": -2e-06,
   "open_interest": 1792.5059,
   "basis": 3.7906470158724737e-05
  },
  "ETH": {
   "close": 1881.98,
   "funding_rate": -2e-06,
   "open_interest": 43240.992,
   "basis": -1.3282329189294946e-05
  },
  "SOL": {
   "close": 76.13,
   "funding_rate": -1e-06,
   "open_interest": 236825.013,
   "basis": -7.223535592327081e-05
  },
  "XRP": {
   "close": 1.1115,
   "funding_rate": 1e-06,
   "open_interest": 4632930.0,
   "basis": 9.011444534557898e-05
  },
  "DOGE": {
   "close": 0.06951,
   "funding_rate": -1e-06,
   "open_interest": 30016221.0,
   "basis": -0.00021607605877270417
  },
  "ADA": {
   "close": 0.169,
   "funding_rate": -1.1e-05,
   "open_interest": 2164607.0,
   "basis": -0.000888099467140222
  },
  "AVAX": {
   "close": 6.3,
   "funding_rate": -1.3e-05,
   "open_interest": 62524.439,
   "basis": -0.0007142857142857414
  },
  "LINK": {
   "close": 8.477,
   "funding_rate": 2.1e-05,
   "open_interest": 92165.79,
   "basis": 0.00023596035865961436
  },
  "DOT": {
   "close": 0.817,
   "funding_rate": 1.3e-05,
   "open_interest": 274827.1,
   "basis": -0.0018359853121174368
  },
  "LTC": {
   "close": 47.19,
   "funding_rate": -8e-06,
   "open_interest": 13847.6,
   "basis": -0.000530222693531253
  },
  "BCH": {
   "close": 211.87,
   "funding_rate": 1e-05,
   "open_interest": 3900.143,
   "basis": 4.719875395285272e-05
  },
  "NEAR": {
   "close": 1.887,
   "funding_rate": 2e-05,
   "open_interest": 587531.6,
   "basis": -0.00015915119363393471
  },
  "ATOM": {
   "close": 1.422,
   "funding_rate": 9e-06,
   "open_interest": 26354.8,
   "basis": -0.0017568517217146499
  },
  "UNI": {
   "close": 3.766,
   "funding_rate": -6e-06,
   "open_interest": 133428.61,
   "basis": 0.0
  },
  "APT": {
   "close": 0.6183,
   "funding_rate": 8e-06,
   "open_interest": 56413.7,
   "basis": -0.00024311183144243677
  },
  "ARB": {
   "close": 0.0864,
   "funding_rate": -1e-05,
   "open_interest": 1131169.6,
   "basis": -5.787037037042824e-05
  },
  "OP": {
   "close": 0.093,
   "funding_rate": -2.1e-05,
   "open_interest": 349658.2,
   "basis": 0.008152173913043485
  },
  "SUI": {
   "close": 0.7475,
   "funding_rate": -1e-06,
   "open_interest": 891884.6,
   "basis": -0.0002007763351626067
  },
  "INJ": {
   "close": 5.168,
   "funding_rate": -3e-06,
   "open_interest": 34081.5,
   "basis": -0.0002899671370578111
  },
  "AAVE": {
   "close": 95.8,
   "funding_rate": -4e-06,
   "open_interest": 6082.87,
   "basis": -0.00010434056761274119
  },
  "ENA": {
   "close": 0.089,
   "funding_rate": -1e-05,
   "open_interest": 4487073.0,
   "basis": 0.00022471910112366433
  },
  "HBAR": {
   "close": 0.07136,
   "funding_rate": 1.3e-05,
   "open_interest": 5952930.0,
   "basis": 0.0001399776035833724
  },
  "ONDO": {
   "close": 0.40192,
   "funding_rate": 3.1e-05,
   "open_interest": 531561.0,
   "basis": 0.0002978924111907094
  },
  "PAXG": {
   "close": 4044.32
  },
  "PEPE": {
   "close": 2.78e-06,
   "funding_rate": -2e-06,
   "open_interest": 114504140.0,
   "basis": 0.0021582733812949384
  },
  "SHIB": {
   "close": 4.14e-06,
   "funding_rate": -5.5e-05,
   "open_interest": 21453027.0,
   "basis": 0.000362318840579863
  },
  "XLM": {
   "close": 0.182604,
   "funding_rate": -1e-05,
   "open_interest": 1376226.0,
   "basis": -4.38553212950915e-05
  },
  "ZEC": {
   "close": 502.14,
   "funding_rate": -5e-06,
   "open_interest": 2367.22,
   "basis": 0.00021892289933529764
  }
 }
}