{
 "generated_at": 1784702424,
 "assets": {
  "BTC": {
   "close": 65937.32,
   "funding_rate": 1e-06,
   "open_interest": 1943.8177,
   "basis": 0.0001315682049877894
  },
  "ETH": {
   "close": 1918.08,
   "funding_rate": -1e-06,
   "open_interest": 45848.9912,
   "basis": 7.825175153437427e-06
  },
  "SOL": {
   "close": 77.38,
   "funding_rate": 0.0,
   "open_interest": 227221.174,
   "basis": 1.942753529344855e-05
  },
  "XRP": {
   "close": 1.1328,
   "funding_rate": 1.3e-05,
   "open_interest": 5076093.0,
   "basis": -0.00013246202755218516
  },
  "DOGE": {
   "close": 0.07243,
   "funding_rate": 1.2e-05,
   "open_interest": 30733036.0,
   "basis": -0.00013812154696146408
  },
  "ADA": {
   "close": 0.1714,
   "funding_rate": 0.0,
   "open_interest": 2200209.0,
   "basis": -0.0011702750146284713
  },
  "AVAX": {
   "close": 6.49,
   "funding_rate": -2e-06,
   "open_interest": 59181.544,
   "basis": 0.000847457627118585
  },
  "LINK": {
   "close": 8.626,
   "funding_rate": 1.2e-05,
   "open_interest": 89448.41,
   "basis": 0.0
  },
  "DOT": {
   "close": 0.843,
   "funding_rate": -2.8e-05,
   "open_interest": 291792.7,
   "basis": -0.0017814726840854464
  },
  "LTC": {
   "close": 46.39,
   "funding_rate": -8e-06,
   "open_interest": 14192.18,
   "basis": -0.00010764262648014117
  },
  "BCH": {
   "close": 221.75,
   "funding_rate": 2e-05,
   "open_interest": 4284.701,
   "basis": 0.00013577732518669898
  },
  "NEAR": {
   "close": 1.907,
   "funding_rate": 6e-06,
   "open_interest": 524440.7,
   "basis": -0.00028856243441753853
  },
  "ATOM": {
   "close": 1.471,
   "funding_rate": 2e-06,
   "open_interest": 26766.9,
   "basis": -0.001356852103120761
  },
  "UNI": {
   "close": 3.686,
   "funding_rate": 7e-06,
   "open_interest": 141662.65,
   "basis": 0.0
  },
  "APT": {
   "close": 0.6039,
   "funding_rate": 1.6e-05,
   "open_interest": 69721.2,
   "basis": -0.0004982561036372147
  },
  "ARB": {
   "close": 0.0907,
   "funding_rate": 7e-06,
   "open_interest": 1131229.3,
   "basis": -0.001100110011000979
  },
  "OP": {
   "close": 0.097,
   "funding_rate": -1.8e-05,
   "open_interest": 348796.5,
   "basis": -0.00463917525773202
  },
  "SUI": {
   "close": 0.7598,
   "funding_rate": -2e-06,
   "open_interest": 879013.3,
   "basis": -0.00039677291363571877
  },
  "INJ": {
   "close": 5.305,
   "funding_rate": -5e-06,
   "open_interest": 30516.6,
   "basis": -0.00038498556304151447
  },
  "AAVE": {
   "close": 96.08,
   "funding_rate": 8e-06,
   "open_interest": 6292.12,
   "basis": 0.00020942408376959184
  },
  "ENA": {
   "close": 0.0868,
   "funding_rate": -4e-06,
   "open_interest": 4309312.0,
   "basis": -0.00017321016166283053
  },
  "HBAR": {
   "close": 0.06974,
   "funding_rate": 4e-06,
   "open_interest": 6756810.0,
   "basis": 0.00028682059371871684
  },
  "ONDO": {
   "close": 0.39795,
   "funding_rate": 8e-06,
   "open_interest": 570195.0,
   "basis": 0.0006300403225807157
  },
  "PAXG": {
   "close": 4121.9
  },
  "PEPE": {
   "close": 2.84e-06,
   "funding_rate": 0.0,
   "open_interest": 116755694.0,
   "basis": 0.0014084507042253862
  },
  "SHIB": {
   "close": 4.23e-06,
   "funding_rate": -1.2e-05,
   "open_interest": 19709998.0,
   "basis": 0.0
  },
  "XLM": {
   "close": 0.1892,
   "funding_rate": 6e-06,
   "open_interest": 1358745.0,
   "basis": 0.00042996140963643173
  },
  "ZEC": {
   "close": 517.86,
   "funding_rate": -1e-06,
   "open_interest": 2245.6,
   "basis": 0.0003280333436244965
  }
 }
}