{
 "generated_at": 1784864296,
 "assets": {
  "BTC": {
   "close": 65066.98,
   "funding_rate": -1e-06,
   "open_interest": 1791.8904,
   "basis": -5.1484855408010305e-05
  },
  "ETH": {
   "close": 1867.81,
   "funding_rate": -1e-06,
   "open_interest": 42994.7642,
   "basis": 1.8641711628743312e-05
  },
  "SOL": {
   "close": 75.47,
   "funding_rate": 0.0,
   "open_interest": 248455.418,
   "basis": 0.00013855898653989564
  },
  "XRP": {
   "close": 1.1056,
   "funding_rate": 1e-06,
   "open_interest": 4629443.0,
   "basis": 0.00013509862199394078
  },
  "DOGE": {
   "close": 0.06912,
   "funding_rate": -1e-06,
   "open_interest": 28598521.0,
   "basis": -0.00014419610670506308
  },
  "ADA": {
   "close": 0.1666,
   "funding_rate": -1.2e-05,
   "open_interest": 2124857.0,
   "basis": -0.0008971291866027721
  },
  "AVAX": {
   "close": 6.24,
   "funding_rate": -1.8e-05,
   "open_interest": 61009.62,
   "basis": -0.0012759170653907509
  },
  "LINK": {
   "close": 8.411,
   "funding_rate": 1e-05,
   "open_interest": 91240.58,
   "basis": 0.00017736786094360373
  },
  "DOT": {
   "close": 0.813,
   "funding_rate": -0.000105,
   "open_interest": 271770.4,
   "basis": -0.0018382352941175807
  },
  "LTC": {
   "close": 46.63,
   "funding_rate": -7e-06,
   "open_interest": 13851.88,
   "basis": -0.00021413276231274335
  },
  "BCH": {
   "close": 209.7,
   "funding_rate": 1e-05,
   "open_interest": 3744.78,
   "basis": -2.364625206902555e-05
  },
  "NEAR": {
   "close": 1.875,
   "funding_rate": 2.2e-05,
   "open_interest": 584843.9,
   "basis": 0.0005529225908372803
  },
  "ATOM": {
   "close": 1.421,
   "funding_rate": 1.3e-05,
   "open_interest": 26347.7,
   "basis": -0.0010489510489509334
  },
  "UNI": {
   "close": 3.741,
   "funding_rate": -6e-06,
   "open_interest": 130642.65,
   "basis": -0.00026624068157611553
  },
  "APT": {
   "close": 0.6121,
   "funding_rate": 1.7e-05,
   "open_interest": 55586.1,
   "basis": -0.00032441200324426434
  },
  "ARB": {
   "close": 0.0849,
   "funding_rate": -2e-06,
   "open_interest": 1070608.0,
   "basis": -0.0006447831184056213
  },
  "OP": {
   "close": 0.094,
   "funding_rate": -1.6e-05,
   "open_interest": 374759.1,
   "basis": -0.0005319148936169627
  },
  "SUI": {
   "close": 0.7413,
   "funding_rate": -6e-06,
   "open_interest": 889447.7,
   "basis": -0.0004023065575969934
  },
  "INJ": {
   "close": 5.364,
   "funding_rate": -0.000114,
   "open_interest": 34161.3,
   "basis": -0.0033327161636733556
  },
  "AAVE": {
   "close": 94.76,
   "funding_rate": 2e-06,
   "open_interest": 5684.3,
   "basis": -5.243288590599258e-05
  },
  "ENA": {
   "close": 0.0885,
   "funding_rate": -8e-06,
   "open_interest": 4376957.0,
   "basis": -0.0016447368421052342
  },
  "HBAR": {
   "close": 0.0707,
   "funding_rate": 8e-06,
   "open_interest": 6048899.0,
   "basis": 0.00014140271493207188
  },
  "ONDO": {
   "close": 0.39789,
   "funding_rate": 1.6e-05,
   "open_interest": 532536.0,
   "basis": 0.0001244400199103895
  },
  "PAXG": {
   "close": 4019.73
  },
  "PEPE": {
   "close": 2.77e-06,
   "funding_rate": 5e-06,
   "open_interest": 116478474.0,
   "basis": -0.00035842293906814795
  },
  "SHIB": {
   "close": 4.11e-06,
   "funding_rate": -5.5e-05,
   "open_interest": 21328426.0,
   "basis": -0.000963855421686666
  },
  "XLM": {
   "close": 0.181926,
   "funding_rate": -1e-06,
   "open_interest": 1357946.0,
   "basis": -0.0002244165170555759
  },
  "ZEC": {
   "close": 505.25,
   "funding_rate": -1e-06,
   "open_interest": 2218.57,
   "basis": 5.8893971220537425e-05
  }
 }
}