{
 "generated_at": 1784912065,
 "assets": {
  "BTC": {
   "close": 64025.89,
   "funding_rate": 6e-06,
   "open_interest": 2000.407,
   "basis": 0.00031741865814126515
  },
  "ETH": {
   "close": 1860.04,
   "funding_rate": -2e-06,
   "open_interest": 44528.585,
   "basis": -2.9663347967285998e-05
  },
  "SOL": {
   "close": 73.96,
   "funding_rate": -1e-06,
   "open_interest": 233997.062,
   "basis": 4.748338081674808e-05
  },
  "XRP": {
   "close": 1.0901,
   "funding_rate": 2e-06,
   "open_interest": 4587344.0,
   "basis": 0.0
  },
  "DOGE": {
   "close": 0.06914,
   "funding_rate": 4e-06,
   "open_interest": 27716738.0,
   "basis": -0.00014570887367035005
  },
  "ADA": {
   "close": 0.1644,
   "funding_rate": -9e-06,
   "open_interest": 2186697.0,
   "basis": -0.000306936771025135
  },
  "AVAX": {
   "close": 6.19,
   "funding_rate": -1.4e-05,
   "open_interest": 62551.061,
   "basis": -0.001699029126213513
  },
  "LINK": {
   "close": 8.362,
   "funding_rate": 1.8e-05,
   "open_interest": 94799.28,
   "basis": 0.000481405704657761
  },
  "DOT": {
   "close": 0.798,
   "funding_rate": -9e-06,
   "open_interest": 372788.0,
   "basis": -0.0006265664160401704
  },
  "LTC": {
   "close": 46.34,
   "funding_rate": -2e-06,
   "open_interest": 14084.85,
   "basis": -0.0003249566724435326
  },
  "BCH": {
   "close": 209.61,
   "funding_rate": -1e-06,
   "open_interest": 3623.366,
   "basis": -0.0002641817570488824
  },
  "NEAR": {
   "close": 1.817,
   "funding_rate": 1.4e-05,
   "open_interest": 629435.2,
   "basis": 0.0006651884700664456
  },
  "ATOM": {
   "close": 1.396,
   "funding_rate": 2e-06,
   "open_interest": 25838.7,
   "basis": -0.0007178750897344666
  },
  "UNI": {
   "close": 3.824,
   "funding_rate": -6e-06,
   "open_interest": 141544.19,
   "basis": -0.0006561679790026107
  },
  "APT": {
   "close": 0.6088,
   "funding_rate": -3e-06,
   "open_interest": 56279.9,
   "basis": -0.0005757525908865956
  },
  "ARB": {
   "close": 0.0837,
   "funding_rate": -1e-06,
   "open_interest": 1025356.3,
   "basis": -0.000659472422062344
  },
  "OP": {
   "close": 0.092,
   "funding_rate": -1.9e-05,
   "open_interest": 457984.2,
   "basis": -0.0005434782608695054
  },
  "SUI": {
   "close": 0.7175,
   "funding_rate": -4e-06,
   "open_interest": 920696.8,
   "basis": -0.0005611672278338327
  },
  "INJ": {
   "close": 5.249,
   "funding_rate": 5e-06,
   "open_interest": 32557.5,
   "basis": 0.00048459003682891857
  },
  "AAVE": {
   "close": 94.68,
   "funding_rate": -3e-06,
   "open_interest": 5714.36,
   "basis": 0.0002119991520033498
  },
  "ENA": {
   "close": 0.0868,
   "funding_rate": -1.8e-05,
   "open_interest": 4093977.0,
   "basis": -0.0018987341772151722
  },
  "HBAR": {
   "close": 0.07066,
   "funding_rate": 1.2e-05,
   "open_interest": 5836425.0,
   "basis": 0.0003548616039744109
  },
  "ONDO": {
   "close": 0.39333,
   "funding_rate": 0.0,
   "open_interest": 476369.0,
   "basis": -0.00017869907076486903
  },
  "PAXG": {
   "close": 4068.57
  },
  "PEPE": {
   "close": 2.71e-06,
   "funding_rate": 2e-06,
   "open_interest": 146877114.0,
   "basis": 0.0024253731343283564
  },
  "SHIB": {
   "close": 4.15e-06,
   "funding_rate": -4.1e-05,
   "open_interest": 20879421.0,
   "basis": 0.0003614457831324736
  },
  "XLM": {
   "close": 0.177883,
   "funding_rate": -7e-06,
   "open_interest": 1330439.0,
   "basis": 8.473140145746485e-05
  },
  "ZEC": {
   "close": 494.55,
   "funding_rate": 5e-06,
   "open_interest": 2177.53,
   "basis": 2.038735983688258e-05
  }
 }
}