{
 "generated_at": 1784643489,
 "assets": {
  "BTC": {
   "close": 66737.99,
   "funding_rate": 1e-06,
   "open_interest": 2000.4154,
   "basis": -0.0001615873236465841
  },
  "ETH": {
   "close": 1938.94,
   "funding_rate": 2e-06,
   "open_interest": 46036.4023,
   "basis": -0.00028693143631159393
  },
  "SOL": {
   "close": 78.54,
   "funding_rate": 4e-06,
   "open_interest": 233914.334,
   "basis": -1.917668115562454e-05
  },
  "XRP": {
   "close": 1.1403,
   "funding_rate": 1.1e-05,
   "open_interest": 4946795.0,
   "basis": 4.372158097246023e-05
  },
  "DOGE": {
   "close": 0.07341,
   "funding_rate": 1.9e-05,
   "open_interest": 31026426.0,
   "basis": 0.0004086636697997854
  },
  "ADA": {
   "close": 0.1757,
   "funding_rate": -3e-06,
   "open_interest": 2329067.0,
   "basis": -0.0005681818181817556
  },
  "AVAX": {
   "close": 6.64,
   "funding_rate": -5e-06,
   "open_interest": 59866.549,
   "basis": -0.0014307228915662747
  },
  "LINK": {
   "close": 8.722,
   "funding_rate": 9e-06,
   "open_interest": 91272.2,
   "basis": 0.00040248390064405757
  },
  "DOT": {
   "close": 0.86,
   "funding_rate": 8e-06,
   "open_interest": 297317.8,
   "basis": -0.0011614401858304308
  },
  "LTC": {
   "close": 47.87,
   "funding_rate": 5e-06,
   "open_interest": 13662.64,
   "basis": 0.0
  },
  "BCH": {
   "close": 226.08,
   "funding_rate": 7e-06,
   "open_interest": 4288.196,
   "basis": 0.00017663943475389917
  },
  "NEAR": {
   "close": 1.987,
   "funding_rate": 4e-06,
   "open_interest": 497321.1,
   "basis": -0.0003535353535353146
  },
  "ATOM": {
   "close": 1.501,
   "funding_rate": 1.1e-05,
   "open_interest": 26155.8,
   "basis": -0.0016700066800268327
  },
  "UNI": {
   "close": 3.695,
   "funding_rate": 6e-06,
   "open_interest": 141108.26,
   "basis": 0.0
  },
  "APT": {
   "close": 0.6149,
   "funding_rate": 2.1e-05,
   "open_interest": 62349.2,
   "basis": -0.000325839035516419
  },
  "ARB": {
   "close": 0.0901,
   "funding_rate": -6e-06,
   "open_interest": 871980.4,
   "basis": 0.0007230255839823081
  },
  "OP": {
   "close": 0.097,
   "funding_rate": -3e-06,
   "open_interest": 362467.4,
   "basis": -0.0015463917525772922
  },
  "SUI": {
   "close": 0.7691,
   "funding_rate": 9e-06,
   "open_interest": 922576.8,
   "basis": 0.00013019138133054157
  },
  "INJ": {
   "close": 5.354,
   "funding_rate": -2.9e-05,
   "open_interest": 39188.4,
   "basis": -0.00395033860045145
  },
  "AAVE": {
   "close": 94.69,
   "funding_rate": 9e-06,
   "open_interest": 7059.28,
   "basis": 0.00026446630699254926
  },
  "ENA": {
   "close": 0.0872,
   "funding_rate": -5e-06,
   "open_interest": 4264875.0,
   "basis": -0.00028735632183904885
  },
  "HBAR": {
   "close": 0.06863,
   "funding_rate": 1.3e-05,
   "open_interest": 6050867.0,
   "basis": 0.00021869077124946965
  },
  "ONDO": {
   "close": 0.40743,
   "funding_rate": 1.2e-05,
   "open_interest": 546664.0,
   "basis": 0.0004905567819474564
  },
  "PAXG": {
   "close": 4045.83
  },
  "PEPE": {
   "close": 2.93e-06,
   "funding_rate": -2e-06,
   "open_interest": 118478127.0,
   "basis": 0.0017123287671233665
  },
  "SHIB": {
   "close": 4.28e-06,
   "funding_rate": -1.6e-05,
   "open_interest": 19878084.0,
   "basis": 0.001168224299065373
  },
  "XLM": {
   "close": 0.19377,
   "funding_rate": 1.9e-05,
   "open_interest": 1278914.0,
   "basis": 0.000891789352138266
  },
  "ZEC": {
   "close": 549.17,
   "funding_rate": -5e-06,
   "open_interest": 2024.31,
   "basis": 0.0003848973607036706
  }
 }
}