{
 "generated_at": 1784468875,
 "assets": {
  "BTC": {
   "close": 64399.29,
   "funding_rate": 4e-06,
   "open_interest": 1910.6688,
   "basis": 9.533345827087492e-05
  },
  "ETH": {
   "close": 1869.12,
   "funding_rate": 2e-06,
   "open_interest": 43126.2354,
   "basis": 0.00021658217288068874
  },
  "SOL": {
   "close": 75.97,
   "funding_rate": 7e-06,
   "open_interest": 229504.88,
   "basis": 0.0003224108435320871
  },
  "XRP": {
   "close": 1.0948,
   "funding_rate": 2e-06,
   "open_interest": 4896020.0,
   "basis": 4.5741469216087745e-05
  },
  "DOGE": {
   "close": 0.07239,
   "funding_rate": 6e-06,
   "open_interest": 28806883.0,
   "basis": 0.00013815971262774417
  },
  "ADA": {
   "close": 0.1651,
   "funding_rate": 2e-06,
   "open_interest": 2573569.0,
   "basis": -0.0003028467595396396
  },
  "AVAX": {
   "close": 6.43,
   "funding_rate": -1e-05,
   "open_interest": 62826.272,
   "basis": 0.0
  },
  "LINK": {
   "close": 8.345,
   "funding_rate": 1.2e-05,
   "open_interest": 94791.19,
   "basis": 0.00041971459407590215
  },
  "DOT": {
   "close": 0.827,
   "funding_rate": -1e-06,
   "open_interest": 334081.6,
   "basis": -0.0006067961165047875
  },
  "LTC": {
   "close": 47.08,
   "funding_rate": 9e-06,
   "open_interest": 15663.24,
   "basis": 0.00010561892691160651
  },
  "BCH": {
   "close": 216.71,
   "funding_rate": 1.2e-05,
   "open_interest": 4773.831,
   "basis": -0.00018428084400622888
  },
  "NEAR": {
   "close": 1.923,
   "funding_rate": 9e-06,
   "open_interest": 473827.1,
   "basis": 0.0007284079084287554
  },
  "ATOM": {
   "close": 1.488,
   "funding_rate": -3.6e-05,
   "open_interest": 24152.5,
   "basis": -0.0010080645161290704
  },
  "UNI": {
   "close": 3.523,
   "funding_rate": 8e-06,
   "open_interest": 168472.05,
   "basis": -0.0004249291784701453
  },
  "APT": {
   "close": 0.5987,
   "funding_rate": 1.9e-05,
   "open_interest": 63786.4,
   "basis": -0.0002502502502504079
  },
  "ARB": {
   "close": 0.0882,
   "funding_rate": 3e-06,
   "open_interest": 830230.9,
   "basis": -0.0005649717514123672
  },
  "OP": {
   "close": 0.094,
   "funding_rate": -3.6e-05,
   "open_interest": 554263.0,
   "basis": 0.0005319148936169627
  },
  "SUI": {
   "close": 0.7511,
   "funding_rate": 1e-06,
   "open_interest": 878322.4,
   "basis": -0.00013304949441205429
  },
  "INJ": {
   "close": 5.041,
   "funding_rate": -1.4e-05,
   "open_interest": 44371.9,
   "basis": -0.0008851298190399848
  },
  "AAVE": {
   "close": 89.54,
   "funding_rate": 1.6e-05,
   "open_interest": 7812.32,
   "basis": 0.0004463787523714569
  },
  "ENA": {
   "close": 0.08,
   "funding_rate": -1.5e-05,
   "open_interest": 4104051.0,
   "basis": 0.0008104738154614651
  },
  "HBAR": {
   "close": 0.06659,
   "funding_rate": 1.6e-05,
   "open_interest": 5863704.0,
   "basis": 0.00015015015015009192
  },
  "ONDO": {
   "close": 0.35039,
   "funding_rate": 3e-06,
   "open_interest": 417979.0,
   "basis": -0.0005720005720006678
  },
  "PAXG": {
   "close": 4001.72
  },
  "PEPE": {
   "close": 2.84e-06,
   "funding_rate": 1.4e-05,
   "open_interest": 123541210.0,
   "basis": 0.0019298245614034605
  },
  "SHIB": {
   "close": 4.14e-06,
   "funding_rate": -2.6e-05,
   "open_interest": 18287329.0,
   "basis": -0.0004830917874394682
  },
  "XLM": {
   "close": 0.190496,
   "funding_rate": 3e-06,
   "open_interest": 1427644.0,
   "basis": -0.0002878978224455585
  },
  "ZEC": {
   "close": 555.94,
   "funding_rate": 1e-06,
   "open_interest": 2302.74,
   "basis": -0.000305414825194853
  }
 }
}