{
 "generated_at": 1784592408,
 "assets": {
  "BTC": {
   "close": 65213.05,
   "funding_rate": 1e-06,
   "open_interest": 1889.6598,
   "basis": -2.5474731598434937e-05
  },
  "ETH": {
   "close": 1903.52,
   "funding_rate": 0.0,
   "open_interest": 44901.7617,
   "basis": -7.888882460963203e-06
  },
  "SOL": {
   "close": 77.7,
   "funding_rate": 6e-06,
   "open_interest": 227285.532,
   "basis": 0.00014785291848801836
  },
  "XRP": {
   "close": 1.1117,
   "funding_rate": 7e-06,
   "open_interest": 4804586.0,
   "basis": -4.496807266850033e-05
  },
  "DOGE": {
   "close": 0.07204,
   "funding_rate": 1.7e-05,
   "open_interest": 28948153.0,
   "basis": 0.0004166088043327627
  },
  "ADA": {
   "close": 0.1694,
   "funding_rate": 0.0,
   "open_interest": 2502443.0,
   "basis": 0.0
  },
  "AVAX": {
   "close": 6.57,
   "funding_rate": 7e-06,
   "open_interest": 57803.967,
   "basis": 0.00038051750380509934
  },
  "LINK": {
   "close": 8.586,
   "funding_rate": 4e-06,
   "open_interest": 93492.51,
   "basis": 0.0005247813411078917
  },
  "DOT": {
   "close": 0.826,
   "funding_rate": 3e-05,
   "open_interest": 387118.2,
   "basis": -0.0006053268765132505
  },
  "LTC": {
   "close": 47.33,
   "funding_rate": -2e-06,
   "open_interest": 14872.3,
   "basis": -0.00021110407430859217
  },
  "BCH": {
   "close": 219.75,
   "funding_rate": 5e-06,
   "open_interest": 4315.852,
   "basis": 0.0001363698349925048
  },
  "NEAR": {
   "close": 1.974,
   "funding_rate": 1e-05,
   "open_interest": 481236.2,
   "basis": 0.00030395136778112153
  },
  "ATOM": {
   "close": 1.493,
   "funding_rate": 1.1e-05,
   "open_interest": 26833.3,
   "basis": -0.0013377926421404692
  },
  "UNI": {
   "close": 3.626,
   "funding_rate": 1.6e-05,
   "open_interest": 153332.3,
   "basis": 0.0
  },
  "APT": {
   "close": 0.6039,
   "funding_rate": 2.7e-05,
   "open_interest": 62902.6,
   "basis": 0.0
  },
  "ARB": {
   "close": 0.0901,
   "funding_rate": 1.1e-05,
   "open_interest": 778452.8,
   "basis": 0.0001664816870144409
  },
  "OP": {
   "close": 0.094,
   "funding_rate": -1.5e-05,
   "open_interest": 380227.4,
   "basis": -0.001063829787234073
  },
  "SUI": {
   "close": 0.763,
   "funding_rate": 1.1e-05,
   "open_interest": 919317.1,
   "basis": 0.00032743942370672363
  },
  "INJ": {
   "close": 5.347,
   "funding_rate": -4e-06,
   "open_interest": 27134.6,
   "basis": -0.000656537235040466
  },
  "AAVE": {
   "close": 89.72,
   "funding_rate": 9e-06,
   "open_interest": 7498.98,
   "basis": 0.00044568245125355154
  },
  "ENA": {
   "close": 0.0828,
   "funding_rate": -9e-06,
   "open_interest": 4265406.0,
   "basis": 0.0016928657799274635
  },
  "HBAR": {
   "close": 0.06671,
   "funding_rate": 1.2e-05,
   "open_interest": 6023074.0,
   "basis": 0.00014979029358891735
  },
  "ONDO": {
   "close": 0.3573,
   "funding_rate": 2e-06,
   "open_interest": 431638.0,
   "basis": -8.380356444502487e-05
  },
  "PAXG": {
   "close": 4000.38
  },
  "PEPE": {
   "close": 2.91e-06,
   "funding_rate": 9e-06,
   "open_interest": 124042186.0,
   "basis": -0.002397260273972624
  },
  "SHIB": {
   "close": 4.24e-06,
   "funding_rate": -1.8e-05,
   "open_interest": 20207683.0,
   "basis": -0.0009411764705883601
  },
  "XLM": {
   "close": 0.188219,
   "funding_rate": 1.9e-05,
   "open_interest": 1380514.0,
   "basis": -1.5952101157606762e-05
  },
  "ZEC": {
   "close": 543.37,
   "funding_rate": -5e-06,
   "open_interest": 1945.88,
   "basis": 8.310709734603777e-05
  }
 }
}