{
 "generated_at": 1784446489,
 "assets": {
  "BTC": {
   "close": 64668.09,
   "funding_rate": 5e-06,
   "open_interest": 1926.8704,
   "basis": 0.00016608544493034946
  },
  "ETH": {
   "close": 1867.9,
   "funding_rate": 2e-06,
   "open_interest": 42825.5462,
   "basis": -2.945098018220179e-05
  },
  "SOL": {
   "close": 76.05,
   "funding_rate": 4e-06,
   "open_interest": 225121.778,
   "basis": 0.00022996057818676092
  },
  "XRP": {
   "close": 1.0959,
   "funding_rate": 0.0,
   "open_interest": 4803946.0,
   "basis": -0.0002281854691491981
  },
  "DOGE": {
   "close": 0.07243,
   "funding_rate": 6e-06,
   "open_interest": 28642769.0,
   "basis": 0.0001379881330205067
  },
  "ADA": {
   "close": 0.1661,
   "funding_rate": -4e-06,
   "open_interest": 2671360.0,
   "basis": -0.00030156815440286186
  },
  "AVAX": {
   "close": 6.57,
   "funding_rate": -9e-06,
   "open_interest": 66615.381,
   "basis": -7.621951219507971e-05
  },
  "LINK": {
   "close": 8.349,
   "funding_rate": 1.1e-05,
   "open_interest": 94962.69,
   "basis": 0.00017940437746681698
  },
  "DOT": {
   "close": 0.838,
   "funding_rate": -1e-05,
   "open_interest": 332241.1,
   "basis": -0.000598086124401848
  },
  "LTC": {
   "close": 46.83,
   "funding_rate": 5e-06,
   "open_interest": 15538.24,
   "basis": 0.00010615711252644272
  },
  "BCH": {
   "close": 218.56,
   "funding_rate": 1.2e-05,
   "open_interest": 4765.739,
   "basis": 0.0007098694756125539
  },
  "NEAR": {
   "close": 1.935,
   "funding_rate": 1.4e-05,
   "open_interest": 474647.6,
   "basis": -2.5839793281708275e-05
  },
  "ATOM": {
   "close": 1.493,
   "funding_rate": -1.5e-05,
   "open_interest": 23577.4,
   "basis": -0.0016733601070950113
  },
  "UNI": {
   "close": 3.555,
   "funding_rate": 8e-06,
   "open_interest": 166601.46,
   "basis": -0.0002820874471085726
  },
  "APT": {
   "close": 0.6049,
   "funding_rate": 6e-06,
   "open_interest": 63361.6,
   "basis": -0.0003304692663581923
  },
  "ARB": {
   "close": 0.0882,
   "funding_rate": -4e-06,
   "open_interest": 1028699.7,
   "basis": -0.00028312570781423833
  },
  "OP": {
   "close": 0.096,
   "funding_rate": 1.9e-05,
   "open_interest": 400782.2,
   "basis": -0.007812500000000007
  },
  "SUI": {
   "close": 0.7454,
   "funding_rate": 8e-06,
   "open_interest": 835592.7,
   "basis": -0.00020112630732097543
  },
  "INJ": {
   "close": 5.096,
   "funding_rate": 6e-06,
   "open_interest": 37908.8,
   "basis": -0.0002945797329143867
  },
  "AAVE": {
   "close": 90.54,
   "funding_rate": 1.3e-05,
   "open_interest": 7888.35,
   "basis": -0.00027596864996142715
  },
  "ENA": {
   "close": 0.0806,
   "funding_rate": -1.4e-05,
   "open_interest": 4140841.0,
   "basis": -0.000559006211180166
  },
  "HBAR": {
   "close": 0.06701,
   "funding_rate": 1.2e-05,
   "open_interest": 5892946.0,
   "basis": 7.464914899977606e-05
  },
  "ONDO": {
   "close": 0.3506,
   "funding_rate": -9e-06,
   "open_interest": 424029.0,
   "basis": -0.00045798030684678694
  },
  "PAXG": {
   "close": 4007.49
  },
  "PEPE": {
   "close": 2.79e-06,
   "funding_rate": 1e-05,
   "open_interest": 122744965.0,
   "basis": 0.002491103202846997
  },
  "SHIB": {
   "close": 4.16e-06,
   "funding_rate": -4.7e-05,
   "open_interest": 18013599.0,
   "basis": 0.0012019230769232366
  },
  "XLM": {
   "close": 0.186272,
   "funding_rate": 2.4e-05,
   "open_interest": 1564818.0,
   "basis": 0.00036973330975606034
  },
  "ZEC": {
   "close": 558.7,
   "funding_rate": 7e-06,
   "open_interest": 2134.22,
   "basis": 0.0004291078133381175
  }
 }
}